{
    "tracks": [{
        "id": "1",
        "src": "http://quran.islamway.net/quran3/2457/9207/128/001.mp3"
    }, {
        "id": "2",
        "src": "http://quran.islamway.net/quran3/2457/9207/128/002.mp3"
    }, {
        "id": "3",
        "src": "http://quran.islamway.net/quran3/2457/9207/128/003.mp3"
    }, {
        "id": "4",
        "src": "http://quran.islamway.net/quran3/2457/9207/128/004.mp3"
    }, {
        "id": "5",
        "src": "http://quran.islamway.net/quran3/2457/9207/128/005.mp3"
    }, {
        "id": "6",
        "src": "http://quran.islamway.net/quran3/2457/9207/128/006.mp3"
    }, {
        "id": "7",
        "src": "http://quran.islamway.net/quran3/2457/9207/128/007.mp3"
    }, {
        "id": "8",
        "src": "http://quran.islamway.net/quran3/2457/9207/128/008.mp3"
    }, {
        "id": "9",
        "src": "http://quran.islamway.net/quran3/2457/9207/128/009.mp3"
    }, {
        "id": "10",
        "src": "http://quran.islamway.net/quran3/2457/9207/128/010.mp3"
    }, {
        "id": "11",
        "src": "http://quran.islamway.net/quran3/2457/9207/128/011.mp3"
    }, {
        "id": "12",
        "src": "http://quran.islamway.net/quran3/2457/9207/128/012.mp3"
    }, {
        "id": "13",
        "src": "http://quran.islamway.net/quran3/2457/9207/128/013.mp3"
    }, {
        "id": "14",
        "src": "http://quran.islamway.net/quran3/2457/9207/128/014.mp3"
    }, {
        "id": "15",
        "src": "http://quran.islamway.net/quran3/2457/9207/128/015.mp3"
    }, {
        "id": "16",
        "src": "http://quran.islamway.net/quran3/2457/9207/128/016.mp3"
    }, {
        "id": "17",
        "src": "http://quran.islamway.net/quran3/2457/9207/128/017.mp3"
    }, {
        "id": "18",
        "src": "http://quran.islamway.net/quran3/2457/9207/128/018.mp3"
    }, {
        "id": "19",
        "src": "http://quran.islamway.net/quran3/2457/9207/128/019.mp3"
    }, {
        "id": "20",
        "src": "http://quran.islamway.net/quran3/2457/9207/128/020.mp3"
    }, {
        "id": "21",
        "src": "http://quran.islamway.net/quran3/2457/9207/128/021.mp3"
    }, {
        "id": "22",
        "src": "http://quran.islamway.net/quran3/2457/9207/128/022.mp3"
    }, {
        "id": "23",
        "src": "http://quran.islamway.net/quran3/2457/9207/128/023.mp3"
    }, {
        "id": "24",
        "src": "http://quran.islamway.net/quran3/2457/9207/128/024.mp3"
    }, {
        "id": "25",
        "src": "http://quran.islamway.net/quran3/2457/9207/128/025.mp3"
    }, {
        "id": "26",
        "src": "http://quran.islamway.net/quran3/2457/9207/128/026.mp3"
    }, {
        "id": "27",
        "src": "http://quran.islamway.net/quran3/2457/9207/128/027.mp3"
    }, {
        "id": "28",
        "src": "http://quran.islamway.net/quran3/2457/9207/128/028.mp3"
    }, {
        "id": "29",
        "src": "http://quran.islamway.net/quran3/2457/9207/128/029.mp3"
    }, {
        "id": "30",
        "src": "http://quran.islamway.net/quran3/2457/9207/128/030.mp3"
    }, {
        "id": "31",
        "src": "http://quran.islamway.net/quran3/2457/9207/128/031.mp3"
    }, {
        "id": "32",
        "src": "http://quran.islamway.net/quran3/2457/9207/128/032.mp3"
    }, {
        "id": "33",
        "src": "http://quran.islamway.net/quran3/2457/9207/128/033.mp3"
    }, {
        "id": "34",
        "src": "http://quran.islamway.net/quran3/2457/9207/128/034.mp3"
    }, {
        "id": "35",
        "src": "http://quran.islamway.net/quran3/2457/9207/128/035.mp3"
    }, {
        "id": "36",
        "src": "http://quran.islamway.net/quran3/2457/9207/128/036.mp3"
    }, {
        "id": "37",
        "src": "http://quran.islamway.net/quran3/2457/9207/128/037.mp3"
    }, {
        "id": "38",
        "src": "http://quran.islamway.net/quran3/2457/9207/128/038.mp3"
    }, {
        "id": "39",
        "src": "http://quran.islamway.net/quran3/2457/9207/128/039.mp3"
    }, {
        "id": "40",
        "src": "http://quran.islamway.net/quran3/2457/9207/128/040.mp3"
    }, {
        "id": "41",
        "src": "http://quran.islamway.net/quran3/2457/9207/128/041.mp3"
    }, {
        "id": "42",
        "src": "http://quran.islamway.net/quran3/2457/9207/128/042.mp3"
    }, {
        "id": "43",
        "src": "http://quran.islamway.net/quran3/2457/9207/128/043.mp3"
    }, {
        "id": "44",
        "src": "http://quran.islamway.net/quran3/2457/9207/128/044.mp3"
    }, {
        "id": "45",
        "src": "http://quran.islamway.net/quran3/2457/9207/128/045.mp3"
    }, {
        "id": "46",
        "src": "http://quran.islamway.net/quran3/2457/9207/128/046.mp3"
    }, {
        "id": "47",
        "src": "http://quran.islamway.net/quran3/2457/9207/128/047.mp3"
    }, {
        "id": "48",
        "src": "http://quran.islamway.net/quran3/2457/9207/128/048.mp3"
    }, {
        "id": "49",
        "src": "http://quran.islamway.net/quran3/2457/9207/128/049.mp3"
    }, {
        "id": "50",
        "src": "http://quran.islamway.net/quran3/2457/9207/128/050.mp3"
    }, {
        "id": "51",
        "src": "http://quran.islamway.net/quran3/2457/9207/128/051.mp3"
    }, {
        "id": "52",
        "src": "http://quran.islamway.net/quran3/2457/9207/128/052.mp3"
    }, {
        "id": "53",
        "src": "http://quran.islamway.net/quran3/2457/9207/128/053.mp3"
    }, {
        "id": "54",
        "src": "http://quran.islamway.net/quran3/2457/9207/128/054.mp3"
    }, {
        "id": "55",
        "src": "http://quran.islamway.net/quran3/2457/9207/128/055.mp3"
    }, {
        "id": "56",
        "src": "http://quran.islamway.net/quran3/2457/9207/128/056.mp3"
    }, {
        "id": "57",
        "src": "http://quran.islamway.net/quran3/2457/9207/128/057.mp3"
    }, {
        "id": "58",
        "src": "http://quran.islamway.net/quran3/2457/9207/128/058.mp3"
    }, {
        "id": "59",
        "src": "http://quran.islamway.net/quran3/2457/9207/128/059.mp3"
    }, {
        "id": "60",
        "src": "http://quran.islamway.net/quran3/2457/9207/128/060.mp3"
    }, {
        "id": "61",
        "src": "http://quran.islamway.net/quran3/2457/9207/128/061.mp3"
    }, {
        "id": "62",
        "src": "http://quran.islamway.net/quran3/2457/9207/128/062.mp3"
    }, {
        "id": "63",
        "src": "http://quran.islamway.net/quran3/2457/9207/128/063.mp3"
    }, {
        "id": "64",
        "src": "http://quran.islamway.net/quran3/2457/9207/128/064.mp3"
    }, {
        "id": "65",
        "src": "http://quran.islamway.net/quran3/2457/9207/128/065.mp3"
    }, {
        "id": "66",
        "src": "http://quran.islamway.net/quran3/2457/9207/128/066.mp3"
    }, {
        "id": "67",
        "src": "http://quran.islamway.net/quran3/2457/9207/128/067.mp3"
    }, {
        "id": "68",
        "src": "http://quran.islamway.net/quran3/2457/9207/128/068.mp3"
    }, {
        "id": "69",
        "src": "http://quran.islamway.net/quran3/2457/9207/128/069.mp3"
    }, {
        "id": "70",
        "src": "http://quran.islamway.net/quran3/2457/9207/128/070.mp3"
    }, {
        "id": "71",
        "src": "http://quran.islamway.net/quran3/2457/9207/128/071.mp3"
    }, {
        "id": "72",
        "src": "http://quran.islamway.net/quran3/2457/9207/128/072.mp3"
    }, {
        "id": "73",
        "src": "http://quran.islamway.net/quran3/2457/9207/128/073.mp3"
    }, {
        "id": "74",
        "src": "http://quran.islamway.net/quran3/2457/9207/128/074.mp3"
    }, {
        "id": "75",
        "src": "http://quran.islamway.net/quran3/2457/9207/128/075.mp3"
    }, {
        "id": "76",
        "src": "http://quran.islamway.net/quran3/2457/9207/128/076.mp3"
    }, {
        "id": "77",
        "src": "http://quran.islamway.net/quran3/2457/9207/128/077.mp3"
    }, {
        "id": "78",
        "src": "http://quran.islamway.net/quran3/2457/9207/128/078.mp3"
    }, {
        "id": "79",
        "src": "http://quran.islamway.net/quran3/2457/9207/128/079.mp3"
    }, {
        "id": "80",
        "src": "http://quran.islamway.net/quran3/2457/9207/128/080.mp3"
    }, {
        "id": "81",
        "src": "http://quran.islamway.net/quran3/2457/9207/128/081.mp3"
    }, {
        "id": "82",
        "src": "http://quran.islamway.net/quran3/2457/9207/128/082.mp3"
    }, {
        "id": "83",
        "src": "http://quran.islamway.net/quran3/2457/9207/128/083.mp3"
    }, {
        "id": "84",
        "src": "http://quran.islamway.net/quran3/2457/9207/128/084.mp3"
    }, {
        "id": "85",
        "src": "http://quran.islamway.net/quran3/2457/9207/128/085.mp3"
    }, {
        "id": "86",
        "src": "http://quran.islamway.net/quran3/2457/9207/128/086.mp3"
    }, {
        "id": "87",
        "src": "http://quran.islamway.net/quran3/2457/9207/128/087.mp3"
    }, {
        "id": "88",
        "src": "http://quran.islamway.net/quran3/2457/9207/128/088.mp3"
    }, {
        "id": "89",
        "src": "http://quran.islamway.net/quran3/2457/9207/128/089.mp3"
    }, {
        "id": "90",
        "src": "http://quran.islamway.net/quran3/2457/9207/128/090.mp3"
    }, {
        "id": "91",
        "src": "http://quran.islamway.net/quran3/2457/9207/128/091.mp3"
    }, {
        "id": "92",
        "src": "http://quran.islamway.net/quran3/2457/9207/128/092.mp3"
    }, {
        "id": "93",
        "src": "http://quran.islamway.net/quran3/2457/9207/128/093.mp3"
    }, {
        "id": "94",
        "src": "http://quran.islamway.net/quran3/2457/9207/128/094.mp3"
    }, {
        "id": "95",
        "src": "http://quran.islamway.net/quran3/2457/9207/128/095.mp3"
    }, {
        "id": "96",
        "src": "http://quran.islamway.net/quran3/2457/9207/128/096.mp3"
    }, {
        "id": "97",
        "src": "http://quran.islamway.net/quran3/2457/9207/128/097.mp3"
    }, {
        "id": "98",
        "src": "http://quran.islamway.net/quran3/2457/9207/128/098.mp3"
    }, {
        "id": "99",
        "src": "http://quran.islamway.net/quran3/2457/9207/128/099.mp3"
    }, {
        "id": "100",
        "src": "http://quran.islamway.net/quran3/2457/9207/128/100.mp3"
    }, {
        "id": "101",
        "src": "http://quran.islamway.net/quran3/2457/9207/128/101.mp3"
    }, {
        "id": "102",
        "src": "http://quran.islamway.net/quran3/2457/9207/128/102.mp3"
    }, {
        "id": "103",
        "src": "http://quran.islamway.net/quran3/2457/9207/128/103.mp3"
    }, {
        "id": "104",
        "src": "http://quran.islamway.net/quran3/2457/9207/128/104.mp3"
    }, {
        "id": "105",
        "src": "http://quran.islamway.net/quran3/2457/9207/128/105.mp3"
    }, {
        "id": "106",
        "src": "http://quran.islamway.net/quran3/2457/9207/128/106.mp3"
    }, {
        "id": "107",
        "src": "http://quran.islamway.net/quran3/2457/9207/128/107.mp3"
    }, {
        "id": "108",
        "src": "http://quran.islamway.net/quran3/2457/9207/128/108.mp3"
    }, {
        "id": "109",
        "src": "http://quran.islamway.net/quran3/2457/9207/128/109.mp3"
    }, {
        "id": "110",
        "src": "http://quran.islamway.net/quran3/2457/9207/128/110.mp3"
    }, {
        "id": "111",
        "src": "http://quran.islamway.net/quran3/2457/9207/128/111.mp3"
    }, {
        "id": "112",
        "src": "http://quran.islamway.net/quran3/2457/9207/128/112.mp3"
    }, {
        "id": "113",
        "src": "http://quran.islamway.net/quran3/2457/9207/128/113.mp3"
    }, {
        "id": "114",
        "src": "http://quran.islamway.net/quran3/2457/9207/128/114.mp3"
    }]
}
