{
    "tracks": [{
        "id": "1",
        "src": "http://quran.islamway.net/quran3/1542/8357/48/001.mp3"
    }, {
        "id": "2",
        "src": "http://quran.islamway.net/quran3/1542/8357/48/002.mp3"
    }, {
        "id": "3",
        "src": "http://quran.islamway.net/quran3/1542/8357/48/003.mp3"
    }, {
        "id": "4",
        "src": "http://quran.islamway.net/quran3/1542/8357/48/004.mp3"
    }, {
        "id": "5",
        "src": "http://quran.islamway.net/quran3/1542/8357/48/005.mp3"
    }, {
        "id": "6",
        "src": "http://quran.islamway.net/quran3/1542/8357/48/006.mp3"
    }, {
        "id": "7",
        "src": "http://quran.islamway.net/quran3/1542/8357/48/007.mp3"
    }, {
        "id": "8",
        "src": "http://quran.islamway.net/quran3/1542/8357/48/008.mp3"
    }, {
        "id": "9",
        "src": "http://quran.islamway.net/quran3/1542/8357/48/009.mp3"
    }, {
        "id": "10",
        "src": "http://quran.islamway.net/quran3/1542/8357/48/010.mp3"
    }, {
        "id": "11",
        "src": "http://quran.islamway.net/quran3/1542/8357/48/011.mp3"
    }, {
        "id": "12",
        "src": "http://quran.islamway.net/quran3/1542/8357/48/012.mp3"
    }, {
        "id": "13",
        "src": "http://quran.islamway.net/quran3/1542/8357/48/013.mp3"
    }, {
        "id": "14",
        "src": "http://quran.islamway.net/quran3/1542/8357/48/014.mp3"
    }, {
        "id": "15",
        "src": "http://quran.islamway.net/quran3/1542/8357/48/015.mp3"
    }, {
        "id": "16",
        "src": "http://quran.islamway.net/quran3/1542/8357/48/016.mp3"
    }, {
        "id": "17",
        "src": "http://quran.islamway.net/quran3/1542/8357/48/017.mp3"
    }, {
        "id": "18",
        "src": "http://quran.islamway.net/quran3/1542/8357/48/018.mp3"
    }, {
        "id": "19",
        "src": "http://quran.islamway.net/quran3/1542/8357/48/019.mp3"
    }, {
        "id": "20",
        "src": "http://quran.islamway.net/quran3/1542/8357/48/020.mp3"
    }, {
        "id": "21",
        "src": "http://quran.islamway.net/quran3/1542/8357/48/021.mp3"
    }, {
        "id": "22",
        "src": "http://quran.islamway.net/quran3/1542/8357/48/022.mp3"
    }, {
        "id": "23",
        "src": "http://quran.islamway.net/quran3/1542/8357/48/023.mp3"
    }, {
        "id": "24",
        "src": "http://quran.islamway.net/quran3/1542/8357/48/024.mp3"
    }, {
        "id": "25",
        "src": "http://quran.islamway.net/quran3/1542/8357/48/025.mp3"
    }, {
        "id": "26",
        "src": "http://quran.islamway.net/quran3/1542/8357/48/026.mp3"
    }, {
        "id": "27",
        "src": "http://quran.islamway.net/quran3/1542/8357/48/027.mp3"
    }, {
        "id": "28",
        "src": "http://quran.islamway.net/quran3/1542/8357/48/028.mp3"
    }, {
        "id": "29",
        "src": "http://quran.islamway.net/quran3/1542/8357/48/029.mp3"
    }, {
        "id": "30",
        "src": "http://quran.islamway.net/quran3/1542/8357/48/030.mp3"
    }, {
        "id": "31",
        "src": "http://quran.islamway.net/quran3/1542/8357/48/031.mp3"
    }, {
        "id": "32",
        "src": "http://quran.islamway.net/quran3/1542/8357/48/032.mp3"
    }, {
        "id": "33",
        "src": "http://quran.islamway.net/quran3/1542/8357/48/033.mp3"
    }, {
        "id": "34",
        "src": "http://quran.islamway.net/quran3/1542/8357/48/034.mp3"
    }, {
        "id": "35",
        "src": "http://quran.islamway.net/quran3/1542/8357/48/035.mp3"
    }, {
        "id": "36",
        "src": "http://quran.islamway.net/quran3/1542/8357/48/036.mp3"
    }, {
        "id": "37",
        "src": "http://quran.islamway.net/quran3/1542/8357/48/037.mp3"
    }, {
        "id": "38",
        "src": "http://quran.islamway.net/quran3/1542/8357/48/038.mp3"
    }, {
        "id": "39",
        "src": "http://quran.islamway.net/quran3/1542/8357/48/039.mp3"
    }, {
        "id": "40",
        "src": "http://quran.islamway.net/quran3/1542/8357/48/040.mp3"
    }, {
        "id": "41",
        "src": "http://quran.islamway.net/quran3/1542/8357/48/041.mp3"
    }, {
        "id": "42",
        "src": "http://quran.islamway.net/quran3/1542/8357/48/042.mp3"
    }, {
        "id": "43",
        "src": "http://quran.islamway.net/quran3/1542/8357/48/043.mp3"
    }, {
        "id": "44",
        "src": "http://quran.islamway.net/quran3/1542/8357/48/044.mp3"
    }, {
        "id": "45",
        "src": "http://quran.islamway.net/quran3/1542/8357/48/045.mp3"
    }, {
        "id": "46",
        "src": "http://quran.islamway.net/quran3/1542/8357/48/046.mp3"
    }, {
        "id": "47",
        "src": "http://quran.islamway.net/quran3/1542/8357/48/047.mp3"
    }, {
        "id": "48",
        "src": "http://quran.islamway.net/quran3/1542/8357/48/048.mp3"
    }, {
        "id": "49",
        "src": "http://quran.islamway.net/quran3/1542/8357/48/049.mp3"
    }, {
        "id": "50",
        "src": "http://quran.islamway.net/quran3/1542/8357/48/050.mp3"
    }, {
        "id": "51",
        "src": "http://quran.islamway.net/quran3/1542/8357/48/051.mp3"
    }, {
        "id": "52",
        "src": "http://quran.islamway.net/quran3/1542/8357/48/052.mp3"
    }, {
        "id": "53",
        "src": "http://quran.islamway.net/quran3/1542/8357/48/053.mp3"
    }, {
        "id": "54",
        "src": "http://quran.islamway.net/quran3/1542/8357/48/054.mp3"
    }, {
        "id": "55",
        "src": "http://quran.islamway.net/quran3/1542/8357/48/055.mp3"
    }, {
        "id": "56",
        "src": "http://quran.islamway.net/quran3/1542/8357/48/056.mp3"
    }, {
        "id": "57",
        "src": "http://quran.islamway.net/quran3/1542/8357/48/057.mp3"
    }, {
        "id": "58",
        "src": "http://quran.islamway.net/quran3/1542/8357/48/058.mp3"
    }, {
        "id": "59",
        "src": "http://quran.islamway.net/quran3/1542/8357/48/059.mp3"
    }, {
        "id": "60",
        "src": "http://quran.islamway.net/quran3/1542/8357/48/060.mp3"
    }, {
        "id": "61",
        "src": "http://quran.islamway.net/quran3/1542/8357/48/061.mp3"
    }, {
        "id": "62",
        "src": "http://quran.islamway.net/quran3/1542/8357/48/062.mp3"
    }, {
        "id": "63",
        "src": "http://quran.islamway.net/quran3/1542/8357/48/063.mp3"
    }, {
        "id": "64",
        "src": "http://quran.islamway.net/quran3/1542/8357/48/064.mp3"
    }, {
        "id": "65",
        "src": "http://quran.islamway.net/quran3/1542/8357/48/065.mp3"
    }, {
        "id": "66",
        "src": "http://quran.islamway.net/quran3/1542/8357/48/066.mp3"
    }, {
        "id": "67",
        "src": "http://quran.islamway.net/quran3/1542/8357/48/067.mp3"
    }, {
        "id": "68",
        "src": "http://quran.islamway.net/quran3/1542/8357/48/068.mp3"
    }, {
        "id": "69",
        "src": "http://quran.islamway.net/quran3/1542/8357/48/069.mp3"
    }, {
        "id": "70",
        "src": "http://quran.islamway.net/quran3/1542/8357/48/070.mp3"
    }, {
        "id": "71",
        "src": "http://quran.islamway.net/quran3/1542/8357/48/071.mp3"
    }, {
        "id": "72",
        "src": "http://quran.islamway.net/quran3/1542/8357/48/072.mp3"
    }, {
        "id": "73",
        "src": "http://quran.islamway.net/quran3/1542/8357/48/073.mp3"
    }, {
        "id": "74",
        "src": "http://quran.islamway.net/quran3/1542/8357/48/074.mp3"
    }, {
        "id": "75",
        "src": "http://quran.islamway.net/quran3/1542/8357/48/075.mp3"
    }, {
        "id": "76",
        "src": "http://quran.islamway.net/quran3/1542/8357/48/076.mp3"
    }, {
        "id": "77",
        "src": "http://quran.islamway.net/quran3/1542/8357/48/077.mp3"
    }, {
        "id": "78",
        "src": "http://quran.islamway.net/quran3/1542/8357/48/078.mp3"
    }, {
        "id": "79",
        "src": "http://quran.islamway.net/quran3/1542/8357/48/079.mp3"
    }, {
        "id": "80",
        "src": "http://quran.islamway.net/quran3/1542/8357/48/080.mp3"
    }, {
        "id": "81",
        "src": "http://quran.islamway.net/quran3/1542/8357/48/081.mp3"
    }, {
        "id": "82",
        "src": "http://quran.islamway.net/quran3/1542/8357/48/082.mp3"
    }, {
        "id": "83",
        "src": "http://quran.islamway.net/quran3/1542/8357/48/083.mp3"
    }, {
        "id": "84",
        "src": "http://quran.islamway.net/quran3/1542/8357/48/084.mp3"
    }, {
        "id": "85",
        "src": "http://quran.islamway.net/quran3/1542/8357/48/085.mp3"
    }, {
        "id": "86",
        "src": "http://quran.islamway.net/quran3/1542/8357/48/086.mp3"
    }, {
        "id": "87",
        "src": "http://quran.islamway.net/quran3/1542/8357/48/087.mp3"
    }, {
        "id": "88",
        "src": "http://quran.islamway.net/quran3/1542/8357/48/088.mp3"
    }, {
        "id": "89",
        "src": "http://quran.islamway.net/quran3/1542/8357/48/089.mp3"
    }, {
        "id": "90",
        "src": "http://quran.islamway.net/quran3/1542/8357/48/090.mp3"
    }, {
        "id": "91",
        "src": "http://quran.islamway.net/quran3/1542/8357/48/091.mp3"
    }, {
        "id": "92",
        "src": "http://quran.islamway.net/quran3/1542/8357/48/092.mp3"
    }, {
        "id": "93",
        "src": "http://quran.islamway.net/quran3/1542/8357/48/093.mp3"
    }, {
        "id": "94",
        "src": "http://quran.islamway.net/quran3/1542/8357/48/094.mp3"
    }, {
        "id": "95",
        "src": "http://quran.islamway.net/quran3/1542/8357/48/095.mp3"
    }, {
        "id": "96",
        "src": "http://quran.islamway.net/quran3/1542/8357/48/096.mp3"
    }, {
        "id": "97",
        "src": "http://quran.islamway.net/quran3/1542/8357/48/097.mp3"
    }, {
        "id": "98",
        "src": "http://quran.islamway.net/quran3/1542/8357/48/098.mp3"
    }, {
        "id": "99",
        "src": "http://quran.islamway.net/quran3/1542/8357/48/099.mp3"
    }, {
        "id": "100",
        "src": "http://quran.islamway.net/quran3/1542/8357/48/100.mp3"
    }, {
        "id": "101",
        "src": "http://quran.islamway.net/quran3/1542/8357/48/101.mp3"
    }, {
        "id": "102",
        "src": "http://quran.islamway.net/quran3/1542/8357/48/102.mp3"
    }, {
        "id": "103",
        "src": "http://quran.islamway.net/quran3/1542/8357/48/103.mp3"
    }, {
        "id": "104",
        "src": "http://quran.islamway.net/quran3/1542/8357/48/104.mp3"
    }, {
        "id": "105",
        "src": "http://quran.islamway.net/quran3/1542/8357/48/105.mp3"
    }, {
        "id": "106",
        "src": "http://quran.islamway.net/quran3/1542/8357/48/106.mp3"
    }, {
        "id": "107",
        "src": "http://quran.islamway.net/quran3/1542/8357/48/107.mp3"
    }, {
        "id": "108",
        "src": "http://quran.islamway.net/quran3/1542/8357/48/108.mp3"
    }, {
        "id": "109",
        "src": "http://quran.islamway.net/quran3/1542/8357/48/109.mp3"
    }, {
        "id": "110",
        "src": "http://quran.islamway.net/quran3/1542/8357/48/110.mp3"
    }, {
        "id": "111",
        "src": "http://quran.islamway.net/quran3/1542/8357/48/111.mp3"
    }, {
        "id": "112",
        "src": "http://quran.islamway.net/quran3/1542/8357/48/112.mp3"
    }, {
        "id": "113",
        "src": "http://quran.islamway.net/quran3/1542/8357/48/113.mp3"
    }, {
        "id": "114",
        "src": "http://quran.islamway.net/quran3/1542/8357/48/114.mp3"
    }]
}
