{
    "tracks": [{
        "id": "1",
        "src": "http://www.quran4iphone.com/Audio/Al_Ashry_Omran/mp3/001.mp3"
    }, {
        "id": "2",
        "src": "http://www.quran4iphone.com/Audio/Al_Ashry_Omran/mp3/002.mp3"
    }, {
        "id": "3",
        "src": "http://www.quran4iphone.com/Audio/Al_Ashry_Omran/mp3/003.mp3"
    }, {
        "id": "4",
        "src": "http://www.quran4iphone.com/Audio/Al_Ashry_Omran/mp3/004.mp3"
    }, {
        "id": "5",
        "src": "http://www.quran4iphone.com/Audio/Al_Ashry_Omran/mp3/005.mp3"
    }, {
        "id": "6",
        "src": "http://www.quran4iphone.com/Audio/Al_Ashry_Omran/mp3/006.mp3"
    }, {
        "id": "7",
        "src": "http://www.quran4iphone.com/Audio/Al_Ashry_Omran/mp3/007.mp3"
    }, {
        "id": "8",
        "src": "http://www.quran4iphone.com/Audio/Al_Ashry_Omran/mp3/008.mp3"
    }, {
        "id": "9",
        "src": "http://www.quran4iphone.com/Audio/Al_Ashry_Omran/mp3/009.mp3"
    }, {
        "id": "10",
        "src": "http://www.quran4iphone.com/Audio/Al_Ashry_Omran/mp3/010.mp3"
    }, {
        "id": "11",
        "src": "http://www.quran4iphone.com/Audio/Al_Ashry_Omran/mp3/011.mp3"
    }, {
        "id": "12",
        "src": "http://www.quran4iphone.com/Audio/Al_Ashry_Omran/mp3/012.mp3"
    }, {
        "id": "13",
        "src": "http://www.quran4iphone.com/Audio/Al_Ashry_Omran/mp3/013.mp3"
    }, {
        "id": "14",
        "src": "http://www.quran4iphone.com/Audio/Al_Ashry_Omran/mp3/014.mp3"
    }, {
        "id": "15",
        "src": "http://www.quran4iphone.com/Audio/Al_Ashry_Omran/mp3/015.mp3"
    }, {
        "id": "16",
        "src": "http://www.quran4iphone.com/Audio/Al_Ashry_Omran/mp3/016.mp3"
    }, {
        "id": "17",
        "src": "http://www.quran4iphone.com/Audio/Al_Ashry_Omran/mp3/017.mp3"
    }, {
        "id": "18",
        "src": "http://www.quran4iphone.com/Audio/Al_Ashry_Omran/mp3/018.mp3"
    }, {
        "id": "19",
        "src": "http://www.quran4iphone.com/Audio/Al_Ashry_Omran/mp3/019.mp3"
    }, {
        "id": "20",
        "src": "http://www.quran4iphone.com/Audio/Al_Ashry_Omran/mp3/020.mp3"
    }, {
        "id": "21",
        "src": "http://www.quran4iphone.com/Audio/Al_Ashry_Omran/mp3/021.mp3"
    }, {
        "id": "22",
        "src": "http://www.quran4iphone.com/Audio/Al_Ashry_Omran/mp3/022.mp3"
    }, {
        "id": "23",
        "src": "http://www.quran4iphone.com/Audio/Al_Ashry_Omran/mp3/023.mp3"
    }, {
        "id": "24",
        "src": "http://www.quran4iphone.com/Audio/Al_Ashry_Omran/mp3/024.mp3"
    }, {
        "id": "25",
        "src": "http://www.quran4iphone.com/Audio/Al_Ashry_Omran/mp3/025.mp3"
    }, {
        "id": "26",
        "src": "http://www.quran4iphone.com/Audio/Al_Ashry_Omran/mp3/026.mp3"
    }, {
        "id": "27",
        "src": "http://www.quran4iphone.com/Audio/Al_Ashry_Omran/mp3/027.mp3"
    }, {
        "id": "28",
        "src": "http://www.quran4iphone.com/Audio/Al_Ashry_Omran/mp3/028.mp3"
    }, {
        "id": "29",
        "src": "http://www.quran4iphone.com/Audio/Al_Ashry_Omran/mp3/029.mp3"
    }, {
        "id": "30",
        "src": "http://www.quran4iphone.com/Audio/Al_Ashry_Omran/mp3/030.mp3"
    }, {
        "id": "31",
        "src": "http://www.quran4iphone.com/Audio/Al_Ashry_Omran/mp3/031.mp3"
    }, {
        "id": "32",
        "src": "http://www.quran4iphone.com/Audio/Al_Ashry_Omran/mp3/032.mp3"
    }, {
        "id": "33",
        "src": "http://www.quran4iphone.com/Audio/Al_Ashry_Omran/mp3/033.mp3"
    }, {
        "id": "34",
        "src": "http://www.quran4iphone.com/Audio/Al_Ashry_Omran/mp3/034.mp3"
    }, {
        "id": "35",
        "src": "http://www.quran4iphone.com/Audio/Al_Ashry_Omran/mp3/035.mp3"
    }, {
        "id": "36",
        "src": "http://www.quran4iphone.com/Audio/Al_Ashry_Omran/mp3/036.mp3"
    }, {
        "id": "37",
        "src": "http://www.quran4iphone.com/Audio/Al_Ashry_Omran/mp3/037.mp3"
    }, {
        "id": "38",
        "src": "http://www.quran4iphone.com/Audio/Al_Ashry_Omran/mp3/038.mp3"
    }, {
        "id": "39",
        "src": "http://www.quran4iphone.com/Audio/Al_Ashry_Omran/mp3/039.mp3"
    }, {
        "id": "40",
        "src": "http://www.quran4iphone.com/Audio/Al_Ashry_Omran/mp3/040.mp3"
    }, {
        "id": "41",
        "src": "http://www.quran4iphone.com/Audio/Al_Ashry_Omran/mp3/041.mp3"
    }, {
        "id": "42",
        "src": "http://www.quran4iphone.com/Audio/Al_Ashry_Omran/mp3/042.mp3"
    }, {
        "id": "43",
        "src": "http://www.quran4iphone.com/Audio/Al_Ashry_Omran/mp3/043.mp3"
    }, {
        "id": "44",
        "src": "http://www.quran4iphone.com/Audio/Al_Ashry_Omran/mp3/044.mp3"
    }, {
        "id": "45",
        "src": "http://www.quran4iphone.com/Audio/Al_Ashry_Omran/mp3/045.mp3"
    }, {
        "id": "46",
        "src": "http://www.quran4iphone.com/Audio/Al_Ashry_Omran/mp3/046.mp3"
    }, {
        "id": "47",
        "src": "http://www.quran4iphone.com/Audio/Al_Ashry_Omran/mp3/047.mp3"
    }, {
        "id": "48",
        "src": "http://www.quran4iphone.com/Audio/Al_Ashry_Omran/mp3/048.mp3"
    }, {
        "id": "49",
        "src": "http://www.quran4iphone.com/Audio/Al_Ashry_Omran/mp3/049.mp3"
    }, {
        "id": "50",
        "src": "http://www.quran4iphone.com/Audio/Al_Ashry_Omran/mp3/050.mp3"
    }, {
        "id": "51",
        "src": "http://www.quran4iphone.com/Audio/Al_Ashry_Omran/mp3/051.mp3"
    }, {
        "id": "52",
        "src": "http://www.quran4iphone.com/Audio/Al_Ashry_Omran/mp3/052.mp3"
    }, {
        "id": "53",
        "src": "http://www.quran4iphone.com/Audio/Al_Ashry_Omran/mp3/053.mp3"
    }, {
        "id": "54",
        "src": "http://www.quran4iphone.com/Audio/Al_Ashry_Omran/mp3/054.mp3"
    }, {
        "id": "55",
        "src": "http://www.quran4iphone.com/Audio/Al_Ashry_Omran/mp3/055.mp3"
    }, {
        "id": "56",
        "src": "http://www.quran4iphone.com/Audio/Al_Ashry_Omran/mp3/056.mp3"
    }, {
        "id": "57",
        "src": "http://www.quran4iphone.com/Audio/Al_Ashry_Omran/mp3/057.mp3"
    }, {
        "id": "58",
        "src": "http://www.quran4iphone.com/Audio/Al_Ashry_Omran/mp3/058.mp3"
    }, {
        "id": "59",
        "src": "http://www.quran4iphone.com/Audio/Al_Ashry_Omran/mp3/059.mp3"
    }, {
        "id": "60",
        "src": "http://www.quran4iphone.com/Audio/Al_Ashry_Omran/mp3/060.mp3"
    }, {
        "id": "61",
        "src": "http://www.quran4iphone.com/Audio/Al_Ashry_Omran/mp3/061.mp3"
    }, {
        "id": "62",
        "src": "http://www.quran4iphone.com/Audio/Al_Ashry_Omran/mp3/062.mp3"
    }, {
        "id": "63",
        "src": "http://www.quran4iphone.com/Audio/Al_Ashry_Omran/mp3/063.mp3"
    }, {
        "id": "64",
        "src": "http://www.quran4iphone.com/Audio/Al_Ashry_Omran/mp3/064.mp3"
    }, {
        "id": "65",
        "src": "http://www.quran4iphone.com/Audio/Al_Ashry_Omran/mp3/065.mp3"
    }, {
        "id": "66",
        "src": "http://www.quran4iphone.com/Audio/Al_Ashry_Omran/mp3/066.mp3"
    }, {
        "id": "67",
        "src": "http://www.quran4iphone.com/Audio/Al_Ashry_Omran/mp3/067.mp3"
    }, {
        "id": "68",
        "src": "http://www.quran4iphone.com/Audio/Al_Ashry_Omran/mp3/068.mp3"
    }, {
        "id": "69",
        "src": "http://www.quran4iphone.com/Audio/Al_Ashry_Omran/mp3/069.mp3"
    }, {
        "id": "70",
        "src": "http://www.quran4iphone.com/Audio/Al_Ashry_Omran/mp3/070.mp3"
    }, {
        "id": "71",
        "src": "http://www.quran4iphone.com/Audio/Al_Ashry_Omran/mp3/071.mp3"
    }, {
        "id": "72",
        "src": "http://www.quran4iphone.com/Audio/Al_Ashry_Omran/mp3/072.mp3"
    }, {
        "id": "73",
        "src": "http://www.quran4iphone.com/Audio/Al_Ashry_Omran/mp3/073.mp3"
    }, {
        "id": "74",
        "src": "http://www.quran4iphone.com/Audio/Al_Ashry_Omran/mp3/074.mp3"
    }, {
        "id": "75",
        "src": "http://www.quran4iphone.com/Audio/Al_Ashry_Omran/mp3/075.mp3"
    }, {
        "id": "76",
        "src": "http://www.quran4iphone.com/Audio/Al_Ashry_Omran/mp3/076.mp3"
    }, {
        "id": "77",
        "src": "http://www.quran4iphone.com/Audio/Al_Ashry_Omran/mp3/077.mp3"
    }, {
        "id": "78",
        "src": "http://www.quran4iphone.com/Audio/Al_Ashry_Omran/mp3/078.mp3"
    }, {
        "id": "79",
        "src": "http://www.quran4iphone.com/Audio/Al_Ashry_Omran/mp3/079.mp3"
    }, {
        "id": "80",
        "src": "http://www.quran4iphone.com/Audio/Al_Ashry_Omran/mp3/080.mp3"
    }, {
        "id": "81",
        "src": "http://www.quran4iphone.com/Audio/Al_Ashry_Omran/mp3/081.mp3"
    }, {
        "id": "82",
        "src": "http://www.quran4iphone.com/Audio/Al_Ashry_Omran/mp3/082.mp3"
    }, {
        "id": "83",
        "src": "http://www.quran4iphone.com/Audio/Al_Ashry_Omran/mp3/083.mp3"
    }, {
        "id": "84",
        "src": "http://www.quran4iphone.com/Audio/Al_Ashry_Omran/mp3/084.mp3"
    }, {
        "id": "85",
        "src": "http://www.quran4iphone.com/Audio/Al_Ashry_Omran/mp3/085.mp3"
    }, {
        "id": "86",
        "src": "http://www.quran4iphone.com/Audio/Al_Ashry_Omran/mp3/086.mp3"
    }, {
        "id": "87",
        "src": "http://www.quran4iphone.com/Audio/Al_Ashry_Omran/mp3/087.mp3"
    }, {
        "id": "88",
        "src": "http://www.quran4iphone.com/Audio/Al_Ashry_Omran/mp3/088.mp3"
    }, {
        "id": "89",
        "src": "http://www.quran4iphone.com/Audio/Al_Ashry_Omran/mp3/089.mp3"
    }, {
        "id": "90",
        "src": "http://www.quran4iphone.com/Audio/Al_Ashry_Omran/mp3/090.mp3"
    }, {
        "id": "91",
        "src": "http://www.quran4iphone.com/Audio/Al_Ashry_Omran/mp3/091.mp3"
    }, {
        "id": "92",
        "src": "http://www.quran4iphone.com/Audio/Al_Ashry_Omran/mp3/092.mp3"
    }, {
        "id": "93",
        "src": "http://www.quran4iphone.com/Audio/Al_Ashry_Omran/mp3/093.mp3"
    }, {
        "id": "94",
        "src": "http://www.quran4iphone.com/Audio/Al_Ashry_Omran/mp3/094.mp3"
    }, {
        "id": "95",
        "src": "http://www.quran4iphone.com/Audio/Al_Ashry_Omran/mp3/095.mp3"
    }, {
        "id": "96",
        "src": "http://www.quran4iphone.com/Audio/Al_Ashry_Omran/mp3/096.mp3"
    }, {
        "id": "97",
        "src": "http://www.quran4iphone.com/Audio/Al_Ashry_Omran/mp3/097.mp3"
    }, {
        "id": "98",
        "src": "http://www.quran4iphone.com/Audio/Al_Ashry_Omran/mp3/098.mp3"
    }, {
        "id": "99",
        "src": "http://www.quran4iphone.com/Audio/Al_Ashry_Omran/mp3/099.mp3"
    }, {
        "id": "100",
        "src": "http://www.quran4iphone.com/Audio/Al_Ashry_Omran/mp3/100.mp3"
    }, {
        "id": "101",
        "src": "http://www.quran4iphone.com/Audio/Al_Ashry_Omran/mp3/101.mp3"
    }, {
        "id": "102",
        "src": "http://www.quran4iphone.com/Audio/Al_Ashry_Omran/mp3/102.mp3"
    }, {
        "id": "103",
        "src": "http://www.quran4iphone.com/Audio/Al_Ashry_Omran/mp3/103.mp3"
    }, {
        "id": "104",
        "src": "http://www.quran4iphone.com/Audio/Al_Ashry_Omran/mp3/104.mp3"
    }, {
        "id": "105",
        "src": "http://www.quran4iphone.com/Audio/Al_Ashry_Omran/mp3/105.mp3"
    }, {
        "id": "106",
        "src": "http://www.quran4iphone.com/Audio/Al_Ashry_Omran/mp3/106.mp3"
    }, {
        "id": "107",
        "src": "http://www.quran4iphone.com/Audio/Al_Ashry_Omran/mp3/107.mp3"
    }, {
        "id": "108",
        "src": "http://www.quran4iphone.com/Audio/Al_Ashry_Omran/mp3/108.mp3"
    }, {
        "id": "109",
        "src": "http://www.quran4iphone.com/Audio/Al_Ashry_Omran/mp3/109.mp3"
    }, {
        "id": "110",
        "src": "http://www.quran4iphone.com/Audio/Al_Ashry_Omran/mp3/110.mp3"
    }, {
        "id": "111",
        "src": "http://www.quran4iphone.com/Audio/Al_Ashry_Omran/mp3/111.mp3"
    }, {
        "id": "112",
        "src": "http://www.quran4iphone.com/Audio/Al_Ashry_Omran/mp3/112.mp3"
    }, {
        "id": "113",
        "src": "http://www.quran4iphone.com/Audio/Al_Ashry_Omran/mp3/113.mp3"
    }, {
        "id": "114",
        "src": "http://www.quran4iphone.com/Audio/Al_Ashry_Omran/mp3/114.mp3"
    }]
}
