{
    "tracks": [{
        "id": "2",
        "src": "http://audio2.islamweb.net/quran/kamel_albahteemi/mojawad/116-1.mp3"
    }, {
        "id": "2",
        "src": "http://audio2.islamweb.net/quran/kamel_albahteemi/mojawad/116-2.mp3"
    }, {
        "id": "2",
        "src": "http://audio2.islamweb.net/quran/kamel_albahteemi/mojawad/116-3.mp3"
    }, {
        "id": "3",
        "src": "http://audio2.islamweb.net/quran/kamel_albahteemi/mojawad/117-1.mp3"
    }, {
        "id": "3",
        "src": "http://audio2.islamweb.net/quran/kamel_albahteemi/mojawad/117-2.mp3"
    }, {
        "id": "6",
        "src": "http://audio2.islamweb.net/quran/kamel_albahteemi/mojawad/120.mp3"
    }, {
        "id": "7",
        "src": "http://audio2.islamweb.net/quran/kamel_albahteemi/mojawad/121.mp3"
    }, {
        "id": "9",
        "src": "http://audio2.islamweb.net/quran/kamel_albahteemi/mojawad/123.mp3"
    }, {
        "id": "10",
        "src": "http://audio2.islamweb.net/quran/kamel_albahteemi/mojawad/124.mp3"
    }, {
        "id": "13",
        "src": "http://audio2.islamweb.net/quran/kamel_albahteemi/mojawad/127.mp3"
    }, {
        "id": "16",
        "src": "http://audio2.islamweb.net/quran/kamel_albahteemi/mojawad/130.mp3"
    }, {
        "id": "17",
        "src": "http://audio2.islamweb.net/quran/kamel_albahteemi/mojawad/131.mp3"
    }, {
        "id": "18",
        "src": "http://audio2.islamweb.net/quran/kamel_albahteemi/mojawad/132.mp3"
    }, {
        "id": "21",
        "src": "http://audio2.islamweb.net/quran/kamel_albahteemi/mojawad/135.mp3"
    }, {
        "id": "22",
        "src": "http://audio2.islamweb.net/quran/kamel_albahteemi/mojawad/136.mp3"
    }, {
        "id": "26",
        "src": "http://audio2.islamweb.net/quran/kamel_albahteemi/mojawad/140.mp3"
    }, {
        "id": "28",
        "src": "http://audio2.islamweb.net/quran/kamel_albahteemi/mojawad/142.mp3"
    }, {
        "id": "42",
        "src": "http://audio2.islamweb.net/quran/kamel_albahteemi/mojawad/156.mp3"
    }, {
        "id": "57",
        "src": "http://audio2.islamweb.net/quran/kamel_albahteemi/mojawad/171-1.mp3"
    }, {
        "id": "57",
        "src": "http://audio2.islamweb.net/quran/kamel_albahteemi/mojawad/171-2.mp3"
    }, {
        "id": "59",
        "src": "http://audio2.islamweb.net/quran/kamel_albahteemi/mojawad/173.mp3"
    }, {
        "id": "61",
        "src": "http://audio2.islamweb.net/quran/kamel_albahteemi/mojawad/175.mp3"
    }, {
        "id": "68",
        "src": "http://audio2.islamweb.net/quran/kamel_albahteemi/mojawad/182.mp3"
    }, {
        "id": "70",
        "src": "http://audio2.islamweb.net/quran/kamel_albahteemi/mojawad/184.mp3"
    }, {
        "id": "78",
        "src": "http://audio2.islamweb.net/quran/kamel_albahteemi/mojawad/192.mp3"
    }]
}
