{
    "tracks": [{
        "id": "1",
        "src": "http://quran.islamway.net/quran3/734/001.mp3"
    }, {
        "id": "2",
        "src": "http://quran.islamway.net/quran3/734/002.mp3"
    }, {
        "id": "3",
        "src": "http://quran.islamway.net/quran3/734/003.mp3"
    }, {
        "id": "4",
        "src": "http://quran.islamway.net/quran3/734/004.mp3"
    }, {
        "id": "5",
        "src": "http://quran.islamway.net/quran3/734/005.mp3"
    }, {
        "id": "6",
        "src": "http://quran.islamway.net/quran3/734/006.mp3"
    }, {
        "id": "7",
        "src": "http://quran.islamway.net/quran3/734/007.mp3"
    }, {
        "id": "8",
        "src": "http://quran.islamway.net/quran3/734/008.mp3"
    }, {
        "id": "9",
        "src": "http://quran.islamway.net/quran3/734/009.mp3"
    }, {
        "id": "10",
        "src": "http://quran.islamway.net/quran3/734/010.mp3"
    }, {
        "id": "11",
        "src": "http://quran.islamway.net/quran3/734/011.mp3"
    }, {
        "id": "12",
        "src": "http://quran.islamway.net/quran3/734/012.mp3"
    }, {
        "id": "13",
        "src": "http://quran.islamway.net/quran3/734/013.mp3"
    }, {
        "id": "14",
        "src": "http://quran.islamway.net/quran3/734/014.mp3"
    }, {
        "id": "15",
        "src": "http://quran.islamway.net/quran3/734/015.mp3"
    }, {
        "id": "16",
        "src": "http://quran.islamway.net/quran3/734/016.mp3"
    }, {
        "id": "17",
        "src": "http://quran.islamway.net/quran3/734/017.mp3"
    }, {
        "id": "18",
        "src": "http://quran.islamway.net/quran3/734/018.mp3"
    }, {
        "id": "19",
        "src": "http://quran.islamway.net/quran3/734/019.mp3"
    }, {
        "id": "20",
        "src": "http://quran.islamway.net/quran3/734/020.mp3"
    }, {
        "id": "21",
        "src": "http://quran.islamway.net/quran3/734/021.mp3"
    }, {
        "id": "22",
        "src": "http://quran.islamway.net/quran3/734/022.mp3"
    }, {
        "id": "23",
        "src": "http://quran.islamway.net/quran3/734/023.mp3"
    }, {
        "id": "24",
        "src": "http://quran.islamway.net/quran3/734/024.mp3"
    }, {
        "id": "25",
        "src": "http://quran.islamway.net/quran3/734/025.mp3"
    }, {
        "id": "26",
        "src": "http://quran.islamway.net/quran3/734/026.mp3"
    }, {
        "id": "27",
        "src": "http://quran.islamway.net/quran3/734/027.mp3"
    }, {
        "id": "28",
        "src": "http://quran.islamway.net/quran3/734/028.mp3"
    }, {
        "id": "29",
        "src": "http://quran.islamway.net/quran3/734/029.mp3"
    }, {
        "id": "30",
        "src": "http://quran.islamway.net/quran3/734/030.mp3"
    }, {
        "id": "31",
        "src": "http://quran.islamway.net/quran3/734/031.mp3"
    }, {
        "id": "32",
        "src": "http://quran.islamway.net/quran3/734/032.mp3"
    }, {
        "id": "33",
        "src": "http://quran.islamway.net/quran3/734/033.mp3"
    }, {
        "id": "34",
        "src": "http://quran.islamway.net/quran3/734/034.mp3"
    }, {
        "id": "35",
        "src": "http://quran.islamway.net/quran3/734/035.mp3"
    }, {
        "id": "36",
        "src": "http://quran.islamway.net/quran3/734/036.mp3"
    }, {
        "id": "37",
        "src": "http://quran.islamway.net/quran3/734/037.mp3"
    }, {
        "id": "38",
        "src": "http://quran.islamway.net/quran3/734/038.mp3"
    }, {
        "id": "39",
        "src": "http://quran.islamway.net/quran3/734/039.mp3"
    }, {
        "id": "40",
        "src": "http://quran.islamway.net/quran3/734/040.mp3"
    }, {
        "id": "41",
        "src": "http://quran.islamway.net/quran3/734/041.mp3"
    }, {
        "id": "42",
        "src": "http://quran.islamway.net/quran3/734/042.mp3"
    }, {
        "id": "43",
        "src": "http://quran.islamway.net/quran3/734/043.mp3"
    }, {
        "id": "44",
        "src": "http://quran.islamway.net/quran3/734/044.mp3"
    }, {
        "id": "45",
        "src": "http://quran.islamway.net/quran3/734/045.mp3"
    }, {
        "id": "46",
        "src": "http://quran.islamway.net/quran3/734/046.mp3"
    }, {
        "id": "47",
        "src": "http://quran.islamway.net/quran3/734/047.mp3"
    }, {
        "id": "48",
        "src": "http://quran.islamway.net/quran3/734/048.mp3"
    }, {
        "id": "49",
        "src": "http://quran.islamway.net/quran3/734/049.mp3"
    }, {
        "id": "50",
        "src": "http://quran.islamway.net/quran3/734/050.mp3"
    }, {
        "id": "51",
        "src": "http://quran.islamway.net/quran3/734/051.mp3"
    }, {
        "id": "52",
        "src": "http://quran.islamway.net/quran3/734/052.mp3"
    }, {
        "id": "53",
        "src": "http://quran.islamway.net/quran3/734/053.mp3"
    }, {
        "id": "54",
        "src": "http://quran.islamway.net/quran3/734/054.mp3"
    }, {
        "id": "55",
        "src": "http://quran.islamway.net/quran3/734/055.mp3"
    }, {
        "id": "56",
        "src": "http://quran.islamway.net/quran3/734/056.mp3"
    }, {
        "id": "57",
        "src": "http://quran.islamway.net/quran3/734/057.mp3"
    }, {
        "id": "58",
        "src": "http://quran.islamway.net/quran3/734/058.mp3"
    }, {
        "id": "59",
        "src": "http://quran.islamway.net/quran3/734/059.mp3"
    }, {
        "id": "60",
        "src": "http://quran.islamway.net/quran3/734/060.mp3"
    }, {
        "id": "61",
        "src": "http://quran.islamway.net/quran3/734/061.mp3"
    }, {
        "id": "62",
        "src": "http://quran.islamway.net/quran3/734/062.mp3"
    }, {
        "id": "63",
        "src": "http://quran.islamway.net/quran3/734/063.mp3"
    }, {
        "id": "64",
        "src": "http://quran.islamway.net/quran3/734/064.mp3"
    }, {
        "id": "65",
        "src": "http://quran.islamway.net/quran3/734/065.mp3"
    }, {
        "id": "66",
        "src": "http://quran.islamway.net/quran3/734/066.mp3"
    }, {
        "id": "67",
        "src": "http://quran.islamway.net/quran3/734/067.mp3"
    }, {
        "id": "68",
        "src": "http://quran.islamway.net/quran3/734/068.mp3"
    }, {
        "id": "69",
        "src": "http://quran.islamway.net/quran3/734/069.mp3"
    }, {
        "id": "70",
        "src": "http://quran.islamway.net/quran3/734/070.mp3"
    }, {
        "id": "71",
        "src": "http://quran.islamway.net/quran3/734/071.mp3"
    }, {
        "id": "72",
        "src": "http://quran.islamway.net/quran3/734/072.mp3"
    }, {
        "id": "73",
        "src": "http://quran.islamway.net/quran3/734/073.mp3"
    }, {
        "id": "74",
        "src": "http://quran.islamway.net/quran3/734/074.mp3"
    }, {
        "id": "75",
        "src": "http://quran.islamway.net/quran3/734/075.mp3"
    }, {
        "id": "76",
        "src": "http://quran.islamway.net/quran3/734/076.mp3"
    }, {
        "id": "77",
        "src": "http://quran.islamway.net/quran3/734/077.mp3"
    }, {
        "id": "78",
        "src": "http://quran.islamway.net/quran3/734/078.mp3"
    }, {
        "id": "79",
        "src": "http://quran.islamway.net/quran3/734/079.mp3"
    }, {
        "id": "80",
        "src": "http://quran.islamway.net/quran3/734/080.mp3"
    }, {
        "id": "81",
        "src": "http://quran.islamway.net/quran3/734/081.mp3"
    }, {
        "id": "82",
        "src": "http://quran.islamway.net/quran3/734/082.mp3"
    }, {
        "id": "83",
        "src": "http://quran.islamway.net/quran3/734/083.mp3"
    }, {
        "id": "84",
        "src": "http://quran.islamway.net/quran3/734/084.mp3"
    }, {
        "id": "85",
        "src": "http://quran.islamway.net/quran3/734/085.mp3"
    }, {
        "id": "86",
        "src": "http://quran.islamway.net/quran3/734/086.mp3"
    }, {
        "id": "87",
        "src": "http://quran.islamway.net/quran3/734/087.mp3"
    }, {
        "id": "88",
        "src": "http://quran.islamway.net/quran3/734/088.mp3"
    }, {
        "id": "89",
        "src": "http://quran.islamway.net/quran3/734/089.mp3"
    }, {
        "id": "90",
        "src": "http://quran.islamway.net/quran3/734/090.mp3"
    }, {
        "id": "91",
        "src": "http://quran.islamway.net/quran3/734/091.mp3"
    }, {
        "id": "92",
        "src": "http://quran.islamway.net/quran3/734/092.mp3"
    }, {
        "id": "93",
        "src": "http://quran.islamway.net/quran3/734/093.mp3"
    }, {
        "id": "94",
        "src": "http://quran.islamway.net/quran3/734/094.mp3"
    }, {
        "id": "95",
        "src": "http://quran.islamway.net/quran3/734/095.mp3"
    }, {
        "id": "96",
        "src": "http://quran.islamway.net/quran3/734/096.mp3"
    }, {
        "id": "97",
        "src": "http://quran.islamway.net/quran3/734/097.mp3"
    }, {
        "id": "98",
        "src": "http://quran.islamway.net/quran3/734/098.mp3"
    }, {
        "id": "99",
        "src": "http://quran.islamway.net/quran3/734/099.mp3"
    }, {
        "id": "100",
        "src": "http://quran.islamway.net/quran3/734/100.mp3"
    }, {
        "id": "101",
        "src": "http://quran.islamway.net/quran3/734/101.mp3"
    }, {
        "id": "102",
        "src": "http://quran.islamway.net/quran3/734/102.mp3"
    }, {
        "id": "103",
        "src": "http://quran.islamway.net/quran3/734/103.mp3"
    }, {
        "id": "104",
        "src": "http://quran.islamway.net/quran3/734/104.mp3"
    }, {
        "id": "105",
        "src": "http://quran.islamway.net/quran3/734/105.mp3"
    }, {
        "id": "106",
        "src": "http://quran.islamway.net/quran3/734/106.mp3"
    }, {
        "id": "107",
        "src": "http://quran.islamway.net/quran3/734/107.mp3"
    }, {
        "id": "108",
        "src": "http://quran.islamway.net/quran3/734/108.mp3"
    }, {
        "id": "109",
        "src": "http://quran.islamway.net/quran3/734/109.mp3"
    }, {
        "id": "110",
        "src": "http://quran.islamway.net/quran3/734/110.mp3"
    }, {
        "id": "111",
        "src": "http://quran.islamway.net/quran3/734/111.mp3"
    }, {
        "id": "112",
        "src": "http://quran.islamway.net/quran3/734/112.mp3"
    }, {
        "id": "113",
        "src": "http://quran.islamway.net/quran3/734/113.mp3"
    }, {
        "id": "114",
        "src": "http://quran.islamway.net/quran3/734/114.mp3"
    }]
}
