{
    "tracks": [{
        "id": "1",
        "src": "https://s3.eu-central-1.amazonaws.com/zikrapp/stream/fatihsvrg/001.mp3"
    }, {
        "id": "75",
        "src": "https://s3.eu-central-1.amazonaws.com/zikrapp/stream/fatihsvrg/075.mp3"
    }, {
        "id": "78",
        "src": "https://s3.eu-central-1.amazonaws.com/zikrapp/stream/fatihsvrg/078.mp3"
    }, {
        "id": "79",
        "src": "https://s3.eu-central-1.amazonaws.com/zikrapp/stream/fatihsvrg/079.mp3"
    }, {
        "id": "80",
        "src": "https://s3.eu-central-1.amazonaws.com/zikrapp/stream/fatihsvrg/080.mp3"
    }]
}
