{
    "tracks": [{
        "id": "1",
        "src": "http://quran.islamway.net/quran3/3964/12851/128/001.mp3"
    }, {
        "id": "12",
        "src": "http://quran.islamway.net/quran3/3964/12851/128/012.mp3"
    }, {
        "id": "13",
        "src": "http://quran.islamway.net/quran3/3964/12851/128/013.mp3"
    }, {
        "id": "14",
        "src": "http://quran.islamway.net/quran3/3964/12851/128/014.mp3"
    }, {
        "id": "15",
        "src": "http://quran.islamway.net/quran3/3964/12851/128/015.mp3"
    }, {
        "id": "16",
        "src": "http://quran.islamway.net/quran3/3964/12851/128/016.mp3"
    }, {
        "id": "17",
        "src": "http://quran.islamway.net/quran3/3964/12851/128/017.mp3"
    }, {
        "id": "19",
        "src": "http://quran.islamway.net/quran3/3964/12851/128/019.mp3"
    }, {
        "id": "50",
        "src": "http://quran.islamway.net/quran3/3964/12851/128/050.mp3"
    }, {
        "id": "51",
        "src": "http://quran.islamway.net/quran3/3964/12851/128/051.mp3"
    }, {
        "id": "52",
        "src": "http://quran.islamway.net/quran3/3964/12851/128/052.mp3"
    }, {
        "id": "53",
        "src": "http://quran.islamway.net/quran3/3964/12851/128/053.mp3"
    }, {
        "id": "54",
        "src": "http://quran.islamway.net/quran3/3964/12851/128/054.mp3"
    }, {
        "id": "55",
        "src": "http://quran.islamway.net/quran3/3964/12851/128/055.mp3"
    }, {
        "id": "56",
        "src": "http://quran.islamway.net/quran3/3964/12851/128/056.mp3"
    }, {
        "id": "57",
        "src": "http://quran.islamway.net/quran3/3964/12851/128/057.mp3"
    }, {
        "id": "75",
        "src": "http://quran.islamway.net/quran3/3964/12851/128/075.mp3"
    }, {
        "id": "79",
        "src": "http://quran.islamway.net/quran3/3964/12851/128/079.mp3"
    }, {
        "id": "87",
        "src": "http://quran.islamway.net/quran3/3964/12851/128/087.mp3"
    }]
}
