{
    "tracks": [{
        "id": "1",
        "src": "http://quran.islamway.net/quran3/2341/11597/32/001.mp3"
    }, {
        "id": "2",
        "src": "http://quran.islamway.net/quran3/2341/11597/32/002.mp3"
    }, {
        "id": "3",
        "src": "http://quran.islamway.net/quran3/2341/11597/32/003.mp3"
    }, {
        "id": "4",
        "src": "http://quran.islamway.net/quran3/2341/11597/32/004.mp3"
    }, {
        "id": "5",
        "src": "http://quran.islamway.net/quran3/2341/11597/32/005.mp3"
    }, {
        "id": "6",
        "src": "http://quran.islamway.net/quran3/2341/11597/32/006.mp3"
    }, {
        "id": "7",
        "src": "http://quran.islamway.net/quran3/2341/11597/32/007.mp3"
    }, {
        "id": "8",
        "src": "http://quran.islamway.net/quran3/2341/11597/32/008.mp3"
    }, {
        "id": "9",
        "src": "http://quran.islamway.net/quran3/2341/11597/32/009.mp3"
    }, {
        "id": "10",
        "src": "http://quran.islamway.net/quran3/2341/11597/32/010.mp3"
    }, {
        "id": "11",
        "src": "http://quran.islamway.net/quran3/2341/11597/32/011.mp3"
    }, {
        "id": "12",
        "src": "http://quran.islamway.net/quran3/2341/11597/32/012.mp3"
    }, {
        "id": "13",
        "src": "http://quran.islamway.net/quran3/2341/11597/32/013.mp3"
    }, {
        "id": "14",
        "src": "http://quran.islamway.net/quran3/2341/11597/32/014.mp3"
    }, {
        "id": "15",
        "src": "http://quran.islamway.net/quran3/2341/11597/32/015.mp3"
    }, {
        "id": "16",
        "src": "http://quran.islamway.net/quran3/2341/11597/32/016.mp3"
    }, {
        "id": "17",
        "src": "http://quran.islamway.net/quran3/2341/11597/32/017.mp3"
    }, {
        "id": "18",
        "src": "http://quran.islamway.net/quran3/2341/11597/32/018.mp3"
    }, {
        "id": "19",
        "src": "http://quran.islamway.net/quran3/2341/11597/32/019.mp3"
    }, {
        "id": "20",
        "src": "http://quran.islamway.net/quran3/2341/11597/32/020.mp3"
    }, {
        "id": "21",
        "src": "http://quran.islamway.net/quran3/2341/11597/32/021.mp3"
    }, {
        "id": "22",
        "src": "http://quran.islamway.net/quran3/2341/11597/32/022.mp3"
    }, {
        "id": "23",
        "src": "http://quran.islamway.net/quran3/2341/11597/32/023.mp3"
    }, {
        "id": "24",
        "src": "http://quran.islamway.net/quran3/2341/11597/32/024.mp3"
    }, {
        "id": "25",
        "src": "http://quran.islamway.net/quran3/2341/11597/32/025.mp3"
    }, {
        "id": "26",
        "src": "http://quran.islamway.net/quran3/2341/11597/32/026.mp3"
    }, {
        "id": "27",
        "src": "http://quran.islamway.net/quran3/2341/11597/32/027.mp3"
    }, {
        "id": "28",
        "src": "http://quran.islamway.net/quran3/2341/11597/32/028.mp3"
    }, {
        "id": "29",
        "src": "http://quran.islamway.net/quran3/2341/11597/32/029.mp3"
    }, {
        "id": "30",
        "src": "http://quran.islamway.net/quran3/2341/11597/32/030.mp3"
    }, {
        "id": "31",
        "src": "http://quran.islamway.net/quran3/2341/11597/32/031.mp3"
    }, {
        "id": "32",
        "src": "http://quran.islamway.net/quran3/2341/11597/32/032.mp3"
    }, {
        "id": "33",
        "src": "http://quran.islamway.net/quran3/2341/11597/32/033.mp3"
    }, {
        "id": "34",
        "src": "http://quran.islamway.net/quran3/2341/11597/32/034.mp3"
    }, {
        "id": "35",
        "src": "http://quran.islamway.net/quran3/2341/11597/32/035.mp3"
    }, {
        "id": "36",
        "src": "http://quran.islamway.net/quran3/2341/11597/32/036.mp3"
    }, {
        "id": "37",
        "src": "http://quran.islamway.net/quran3/2341/11597/32/037.mp3"
    }, {
        "id": "38",
        "src": "http://quran.islamway.net/quran3/2341/11597/32/038.mp3"
    }, {
        "id": "39",
        "src": "http://quran.islamway.net/quran3/2341/11597/32/039.mp3"
    }, {
        "id": "40",
        "src": "http://quran.islamway.net/quran3/2341/11597/32/040.mp3"
    }, {
        "id": "41",
        "src": "http://quran.islamway.net/quran3/2341/11597/32/041.mp3"
    }, {
        "id": "42",
        "src": "http://quran.islamway.net/quran3/2341/11597/32/042.mp3"
    }, {
        "id": "43",
        "src": "http://quran.islamway.net/quran3/2341/11597/32/043.mp3"
    }, {
        "id": "44",
        "src": "http://quran.islamway.net/quran3/2341/11597/32/044.mp3"
    }, {
        "id": "45",
        "src": "http://quran.islamway.net/quran3/2341/11597/32/045.mp3"
    }, {
        "id": "46",
        "src": "http://quran.islamway.net/quran3/2341/11597/32/046.mp3"
    }, {
        "id": "47",
        "src": "http://quran.islamway.net/quran3/2341/11597/32/047.mp3"
    }, {
        "id": "48",
        "src": "http://quran.islamway.net/quran3/2341/11597/32/048.mp3"
    }, {
        "id": "49",
        "src": "http://quran.islamway.net/quran3/2341/11597/32/049.mp3"
    }, {
        "id": "50",
        "src": "http://quran.islamway.net/quran3/2341/11597/32/050.mp3"
    }, {
        "id": "51",
        "src": "http://quran.islamway.net/quran3/2341/11597/32/051.mp3"
    }, {
        "id": "52",
        "src": "http://quran.islamway.net/quran3/2341/11597/32/052.mp3"
    }, {
        "id": "53",
        "src": "http://quran.islamway.net/quran3/2341/11597/32/053.mp3"
    }, {
        "id": "54",
        "src": "http://quran.islamway.net/quran3/2341/11597/32/054.mp3"
    }, {
        "id": "55",
        "src": "http://quran.islamway.net/quran3/2341/11597/32/055.mp3"
    }, {
        "id": "56",
        "src": "http://quran.islamway.net/quran3/2341/11597/32/056.mp3"
    }, {
        "id": "57",
        "src": "http://quran.islamway.net/quran3/2341/11597/32/057.mp3"
    }, {
        "id": "58",
        "src": "http://quran.islamway.net/quran3/2341/11597/32/058.mp3"
    }, {
        "id": "59",
        "src": "http://quran.islamway.net/quran3/2341/11597/32/059.mp3"
    }, {
        "id": "60",
        "src": "http://quran.islamway.net/quran3/2341/11597/32/060.mp3"
    }, {
        "id": "61",
        "src": "http://quran.islamway.net/quran3/2341/11597/32/061.mp3"
    }, {
        "id": "62",
        "src": "http://quran.islamway.net/quran3/2341/11597/32/062.mp3"
    }, {
        "id": "63",
        "src": "http://quran.islamway.net/quran3/2341/11597/32/063.mp3"
    }, {
        "id": "64",
        "src": "http://quran.islamway.net/quran3/2341/11597/32/064.mp3"
    }, {
        "id": "65",
        "src": "http://quran.islamway.net/quran3/2341/11597/32/065.mp3"
    }, {
        "id": "66",
        "src": "http://quran.islamway.net/quran3/2341/11597/32/066.mp3"
    }, {
        "id": "67",
        "src": "http://quran.islamway.net/quran3/2341/11597/32/067.mp3"
    }, {
        "id": "68",
        "src": "http://quran.islamway.net/quran3/2341/11597/32/068.mp3"
    }, {
        "id": "69",
        "src": "http://quran.islamway.net/quran3/2341/11597/32/069.mp3"
    }, {
        "id": "70",
        "src": "http://quran.islamway.net/quran3/2341/11597/32/070.mp3"
    }, {
        "id": "71",
        "src": "http://quran.islamway.net/quran3/2341/11597/32/071.mp3"
    }, {
        "id": "72",
        "src": "http://quran.islamway.net/quran3/2341/11597/32/072.mp3"
    }, {
        "id": "73",
        "src": "http://quran.islamway.net/quran3/2341/11597/32/073.mp3"
    }, {
        "id": "74",
        "src": "http://quran.islamway.net/quran3/2341/11597/32/074.mp3"
    }, {
        "id": "75",
        "src": "http://quran.islamway.net/quran3/2341/11597/32/075.mp3"
    }, {
        "id": "76",
        "src": "http://quran.islamway.net/quran3/2341/11597/32/076.mp3"
    }, {
        "id": "77",
        "src": "http://quran.islamway.net/quran3/2341/11597/32/077.mp3"
    }, {
        "id": "78",
        "src": "http://quran.islamway.net/quran3/2341/11597/32/078.mp3"
    }, {
        "id": "79",
        "src": "http://quran.islamway.net/quran3/2341/11597/32/079.mp3"
    }, {
        "id": "80",
        "src": "http://quran.islamway.net/quran3/2341/11597/32/080.mp3"
    }, {
        "id": "81",
        "src": "http://quran.islamway.net/quran3/2341/11597/32/081.mp3"
    }, {
        "id": "82",
        "src": "http://quran.islamway.net/quran3/2341/11597/32/082.mp3"
    }, {
        "id": "83",
        "src": "http://quran.islamway.net/quran3/2341/11597/32/083.mp3"
    }, {
        "id": "84",
        "src": "http://quran.islamway.net/quran3/2341/11597/32/084.mp3"
    }, {
        "id": "85",
        "src": "http://quran.islamway.net/quran3/2341/11597/32/085.mp3"
    }, {
        "id": "86",
        "src": "http://quran.islamway.net/quran3/2341/11597/32/086.mp3"
    }, {
        "id": "87",
        "src": "http://quran.islamway.net/quran3/2341/11597/32/087.mp3"
    }, {
        "id": "88",
        "src": "http://quran.islamway.net/quran3/2341/11597/32/088.mp3"
    }, {
        "id": "89",
        "src": "http://quran.islamway.net/quran3/2341/11597/32/089.mp3"
    }, {
        "id": "90",
        "src": "http://quran.islamway.net/quran3/2341/11597/32/090.mp3"
    }, {
        "id": "91",
        "src": "http://quran.islamway.net/quran3/2341/11597/32/091.mp3"
    }, {
        "id": "92",
        "src": "http://quran.islamway.net/quran3/2341/11597/32/092.mp3"
    }, {
        "id": "93",
        "src": "http://quran.islamway.net/quran3/2341/11597/32/093.mp3"
    }, {
        "id": "94",
        "src": "http://quran.islamway.net/quran3/2341/11597/32/094.mp3"
    }, {
        "id": "95",
        "src": "http://quran.islamway.net/quran3/2341/11597/32/095.mp3"
    }, {
        "id": "96",
        "src": "http://quran.islamway.net/quran3/2341/11597/32/096.mp3"
    }, {
        "id": "97",
        "src": "http://quran.islamway.net/quran3/2341/11597/32/097.mp3"
    }, {
        "id": "98",
        "src": "http://quran.islamway.net/quran3/2341/11597/32/098.mp3"
    }, {
        "id": "99",
        "src": "http://quran.islamway.net/quran3/2341/11597/32/099.mp3"
    }, {
        "id": "100",
        "src": "http://quran.islamway.net/quran3/2341/11597/32/100.mp3"
    }, {
        "id": "101",
        "src": "http://quran.islamway.net/quran3/2341/11597/32/101.mp3"
    }, {
        "id": "102",
        "src": "http://quran.islamway.net/quran3/2341/11597/32/102.mp3"
    }, {
        "id": "103",
        "src": "http://quran.islamway.net/quran3/2341/11597/32/103.mp3"
    }, {
        "id": "104",
        "src": "http://quran.islamway.net/quran3/2341/11597/32/104.mp3"
    }, {
        "id": "105",
        "src": "http://quran.islamway.net/quran3/2341/11597/32/105.mp3"
    }, {
        "id": "106",
        "src": "http://quran.islamway.net/quran3/2341/11597/32/106.mp3"
    }, {
        "id": "107",
        "src": "http://quran.islamway.net/quran3/2341/11597/32/107.mp3"
    }, {
        "id": "108",
        "src": "http://quran.islamway.net/quran3/2341/11597/32/108.mp3"
    }, {
        "id": "109",
        "src": "http://quran.islamway.net/quran3/2341/11597/32/109.mp3"
    }, {
        "id": "110",
        "src": "http://quran.islamway.net/quran3/2341/11597/32/110.mp3"
    }, {
        "id": "111",
        "src": "http://quran.islamway.net/quran3/2341/11597/32/111.mp3"
    }, {
        "id": "112",
        "src": "http://quran.islamway.net/quran3/2341/11597/32/112.mp3"
    }, {
        "id": "113",
        "src": "http://quran.islamway.net/quran3/2341/11597/32/113.mp3"
    }, {
        "id": "114",
        "src": "http://quran.islamway.net/quran3/2341/11597/32/114.mp3"
    }]
}
