{
    "tracks": [{
        "id": "51",
        "src": "http://quran.islamway.net/quran3/917/17/32/051.mp3"
    }, {
        "id": "52",
        "src": "http://quran.islamway.net/quran3/917/17/32/052.mp3"
    }, {
        "id": "53",
        "src": "http://quran.islamway.net/quran3/917/17/32/053.mp3"
    }, {
        "id": "54",
        "src": "http://quran.islamway.net/quran3/917/17/32/054.mp3"
    }, {
        "id": "55",
        "src": "http://quran.islamway.net/quran3/917/17/32/055.mp3"
    }, {
        "id": "56",
        "src": "http://quran.islamway.net/quran3/917/17/32/056.mp3"
    }, {
        "id": "57",
        "src": "http://quran.islamway.net/quran3/917/17/32/057.mp3"
    }, {
        "id": "58",
        "src": "http://quran.islamway.net/quran3/917/17/32/058.mp3"
    }, {
        "id": "59",
        "src": "http://quran.islamway.net/quran3/917/17/32/059.mp3"
    }, {
        "id": "60",
        "src": "http://quran.islamway.net/quran3/917/17/32/060.mp3"
    }, {
        "id": "61",
        "src": "http://quran.islamway.net/quran3/917/17/32/061.mp3"
    }, {
        "id": "62",
        "src": "http://quran.islamway.net/quran3/917/17/32/062.mp3"
    }, {
        "id": "63",
        "src": "http://quran.islamway.net/quran3/917/17/32/063.mp3"
    }, {
        "id": "64",
        "src": "http://quran.islamway.net/quran3/917/17/32/064.mp3"
    }, {
        "id": "65",
        "src": "http://quran.islamway.net/quran3/917/17/32/065.mp3"
    }, {
        "id": "66",
        "src": "http://quran.islamway.net/quran3/917/17/32/066.mp3"
    }, {
        "id": "67",
        "src": "http://quran.islamway.net/quran3/917/17/32/067.mp3"
    }, {
        "id": "68",
        "src": "http://quran.islamway.net/quran3/917/17/32/068.mp3"
    }, {
        "id": "69",
        "src": "http://quran.islamway.net/quran3/917/17/32/069.mp3"
    }, {
        "id": "70",
        "src": "http://quran.islamway.net/quran3/917/17/32/070.mp3"
    }, {
        "id": "71",
        "src": "http://quran.islamway.net/quran3/917/17/32/071.mp3"
    }, {
        "id": "72",
        "src": "http://quran.islamway.net/quran3/917/17/32/072.mp3"
    }, {
        "id": "73",
        "src": "http://quran.islamway.net/quran3/917/17/32/073.mp3"
    }, {
        "id": "74",
        "src": "http://quran.islamway.net/quran3/917/17/32/074.mp3"
    }, {
        "id": "76",
        "src": "http://quran.islamway.net/quran3/917/17/32/076.mp3"
    }, {
        "id": "77",
        "src": "http://quran.islamway.net/quran3/917/17/32/077.mp3"
    }, {
        "id": "78",
        "src": "http://quran.islamway.net/quran3/917/17/32/078.mp3"
    }, {
        "id": "79",
        "src": "http://quran.islamway.net/quran3/917/17/32/079.mp3"
    }, {
        "id": "80",
        "src": "http://quran.islamway.net/quran3/917/17/32/080.mp3"
    }, {
        "id": "81",
        "src": "http://quran.islamway.net/quran3/917/17/32/081.mp3"
    }, {
        "id": "82",
        "src": "http://quran.islamway.net/quran3/917/17/32/082.mp3"
    }, {
        "id": "83",
        "src": "http://quran.islamway.net/quran3/917/17/32/083.mp3"
    }, {
        "id": "84",
        "src": "http://quran.islamway.net/quran3/917/17/32/084.mp3"
    }, {
        "id": "85",
        "src": "http://quran.islamway.net/quran3/917/17/32/085.mp3"
    }, {
        "id": "86",
        "src": "http://quran.islamway.net/quran3/917/17/32/086.mp3"
    }, {
        "id": "87",
        "src": "http://quran.islamway.net/quran3/917/17/32/087.mp3"
    }, {
        "id": "88",
        "src": "http://quran.islamway.net/quran3/917/17/32/088.mp3"
    }, {
        "id": "89",
        "src": "http://quran.islamway.net/quran3/917/17/32/089.mp3"
    }, {
        "id": "90",
        "src": "http://quran.islamway.net/quran3/917/17/32/090.mp3"
    }, {
        "id": "91",
        "src": "http://quran.islamway.net/quran3/917/17/32/091.mp3"
    }, {
        "id": "92",
        "src": "http://quran.islamway.net/quran3/917/17/32/092.mp3"
    }, {
        "id": "93",
        "src": "http://quran.islamway.net/quran3/917/17/32/093.mp3"
    }, {
        "id": "94",
        "src": "http://quran.islamway.net/quran3/917/17/32/094.mp3"
    }, {
        "id": "95",
        "src": "http://quran.islamway.net/quran3/917/17/32/095.mp3"
    }, {
        "id": "96",
        "src": "http://quran.islamway.net/quran3/917/17/32/096.mp3"
    }, {
        "id": "97",
        "src": "http://quran.islamway.net/quran3/917/17/32/097.mp3"
    }, {
        "id": "98",
        "src": "http://quran.islamway.net/quran3/917/17/32/098.mp3"
    }, {
        "id": "99",
        "src": "http://quran.islamway.net/quran3/917/17/32/099.mp3"
    }, {
        "id": "100",
        "src": "http://quran.islamway.net/quran3/917/17/32/100.mp3"
    }, {
        "id": "101",
        "src": "http://quran.islamway.net/quran3/917/17/32/101.mp3"
    }, {
        "id": "102",
        "src": "http://quran.islamway.net/quran3/917/17/32/102.mp3"
    }, {
        "id": "103",
        "src": "http://quran.islamway.net/quran3/917/17/32/103.mp3"
    }, {
        "id": "104",
        "src": "http://quran.islamway.net/quran3/917/17/32/104.mp3"
    }, {
        "id": "105",
        "src": "http://quran.islamway.net/quran3/917/17/32/105.mp3"
    }, {
        "id": "106",
        "src": "http://quran.islamway.net/quran3/917/17/32/106.mp3"
    }, {
        "id": "107",
        "src": "http://quran.islamway.net/quran3/917/17/32/107.mp3"
    }, {
        "id": "108",
        "src": "http://quran.islamway.net/quran3/917/17/32/108.mp3"
    }, {
        "id": "109",
        "src": "http://quran.islamway.net/quran3/917/17/32/109.mp3"
    }, {
        "id": "110",
        "src": "http://quran.islamway.net/quran3/917/17/32/110.mp3"
    }, {
        "id": "111",
        "src": "http://quran.islamway.net/quran3/917/17/32/111.mp3"
    }, {
        "id": "112",
        "src": "http://quran.islamway.net/quran3/917/17/32/112.mp3"
    }, {
        "id": "113",
        "src": "http://quran.islamway.net/quran3/917/17/32/113.mp3"
    }, {
        "id": "114",
        "src": "http://quran.islamway.net/quran3/917/17/32/114.mp3"
    }]
}
