{
    "tracks": [{
        "id": "1",
        "src": "http://quran.islamway.net/quran3/4069/12829/128/001.mp3"
    }, {
        "id": "2",
        "src": "http://176.31.233.23/assabile/recitations_7892537823/mp3/mu-ayyid-al-mazen/mu-ayyid-al-mazen-002-al-baqara-33573-1823.mp3"
    }, {
        "id": "4",
        "src": "http://176.31.233.23/assabile/recitations_7892537823/mp3/mu-ayyid-al-mazen/mu-ayyid-al-mazen-004-an-nisa-33574-1333.mp3"
    },{
        "id": "6",
        "src": "http://176.31.233.23/assabile/recitations_7892537823/mp3/mu-ayyid-al-mazen/mu-ayyid-al-mazen-006-al-ana-m-33575-8300.mp3"
    }, {
        "id": "7",
        "src": "http://176.31.233.23/assabile/recitations_7892537823/mp3/mu-ayyid-al-mazen/mu-ayyid-al-mazen-007-al-a-raf-33576-9012.mp3"
    }, {
        "id": "12",
        "src": "http://176.31.233.23/assabile/recitations_7892537823/mp3/mu-ayyid-al-mazen/mu-ayyid-al-mazen-012-youssef-33577-4480.mp3"
    }, {
        "id": "14",
        "src": "http://176.31.233.23/assabile/recitations_7892537823/mp3/mu-ayyid-al-mazen/mu-ayyid-al-mazen-014-ibrahim-33578-1021.mp3"
    }, {
        "id": "19",
        "src": "http://176.31.233.23/assabile/recitations_7892537823/mp3/mu-ayyid-al-mazen/mu-ayyid-al-mazen-019-maryam-33579-8334.mp3"
    }, {
        "id": "28",
        "src": "http://176.31.233.23/assabile/recitations_7892537823/mp3/mu-ayyid-al-mazen/mu-ayyid-al-mazen-028-al-qasas-33580-9224.mp3"
    }, {
        "id": "31",
        "src": "http://176.31.233.23/assabile/recitations_7892537823/mp3/mu-ayyid-al-mazen/mu-ayyid-al-mazen-031-louqman-33581-1785.mp3"
    }, {
        "id": "35",
        "src": "http://176.31.233.23/assabile/recitations_7892537823/mp3/mu-ayyid-al-mazen/mu-ayyid-al-mazen-035-fater-33582-7929.mp3"
    }, {
        "id": "36",
        "src": "http://176.31.233.23/assabile/recitations_7892537823/mp3/mu-ayyid-al-mazen/mu-ayyid-al-mazen-036-ya-sin-33583-941.mp3"
    }, {
        "id": "41",
        "src": "http://176.31.233.23/assabile/recitations_7892537823/mp3/mu-ayyid-al-mazen/mu-ayyid-al-mazen-041-foussilat-33584-3569.mp3"
    }, {
        "id": "43",
        "src": "http://176.31.233.23/assabile/recitations_7892537823/mp3/mu-ayyid-al-mazen/mu-ayyid-al-mazen-043-az-zoukhrouf-33585-3480.mp3"
    }, {
        "id": "55",
        "src": "http://176.31.233.23/assabile/recitations_7892537823/mp3/mu-ayyid-al-mazen/mu-ayyid-al-mazen-055-ar-rahman-33586-8177.mp3"
    }, {
        "id": "68",
        "src": "http://quran.islamway.net/quran3/4069/12829/128/068.mp3"
    }, {
        "id": "80",
        "src": "http://176.31.233.23/assabile/recitations_7892537823/mp3/mu-ayyid-al-mazen/mu-ayyid-al-mazen-080-abasa-33588-2483.mp3"
    }, {
        "id": "83",
        "src": "http://quran.islamway.net/quran3/4069/12829/128/083.mp3"
    }, {
        "id": "85",
        "src": "http://quran.islamway.net/quran3/4069/12829/128/085.mp3"
    }, {
        "id": "87",
        "src": "http://quran.islamway.net/quran3/4069/12829/128/087.mp3"
    }]
}
