{
    "tracks": [{
        "id": "1",
        "src": "http://quran.islamway.net/quran3/3881/12360/128/001.mp3"
    }, {
        "id": "32",
        "src": "http://quran.islamway.net/quran3/3881/12360/128/032.mp3"
    }, {
        "id": "44",
        "src": "http://quran.islamway.net/quran3/3881/12360/128/044.mp3"
    }, {
        "id": "47",
        "src": "http://quran.islamway.net/quran3/3881/12360/128/047.mp3"
    }, {
        "id": "50",
        "src": "http://quran.islamway.net/quran3/3881/12360/128/050.mp3"
    }, {
        "id": "53",
        "src": "http://quran.islamway.net/quran3/3881/12360/128/053.mp3"
    }, {
        "id": "55",
        "src": "http://quran.islamway.net/quran3/3881/12360/128/055.mp3"
    }, {
        "id": "56",
        "src": "http://quran.islamway.net/quran3/3881/12360/128/056.mp3"
    }, {
        "id": "61",
        "src": "http://quran.islamway.net/quran3/3881/12360/128/061.mp3"
    }, {
        "id": "62",
        "src": "http://quran.islamway.net/quran3/3881/12360/128/062.mp3"
    }, {
        "id": "63",
        "src": "http://quran.islamway.net/quran3/3881/12360/128/063.mp3"
    }, {
        "id": "66",
        "src": "http://quran.islamway.net/quran3/3881/12360/128/066.mp3"
    }, {
        "id": "75",
        "src": "http://quran.islamway.net/quran3/3881/12360/128/075.mp3"
    }, {
        "id": "82",
        "src": "http://quran.islamway.net/quran3/3881/12360/128/082.mp3"
    }, {
        "id": "85",
        "src": "http://quran.islamway.net/quran3/3881/12360/128/085.mp3"
    }, {
        "id": "86",
        "src": "http://quran.islamway.net/quran3/3881/12360/128/086.mp3"
    }, {
        "id": "87",
        "src": "http://quran.islamway.net/quran3/3881/12360/128/087.mp3"
    }, {
        "id": "89",
        "src": "http://quran.islamway.net/quran3/3881/12360/128/089.mp3"
    }, {
        "id": "95",
        "src": "http://quran.islamway.net/quran3/3881/12360/128/095.mp3"
    }, {
        "id": "96",
        "src": "http://quran.islamway.net/quran3/3881/12360/128/096.mp3"
    }, {
        "id": "97",
        "src": "http://quran.islamway.net/quran3/3881/12360/128/097.mp3"
    }, {
        "id": "98",
        "src": "http://quran.islamway.net/quran3/3881/12360/128/098.mp3"
    }, {
        "id": "99",
        "src": "http://quran.islamway.net/quran3/3881/12360/128/099.mp3"
    }, {
        "id": "100",
        "src": "http://quran.islamway.net/quran3/3881/12360/128/100.mp3"
    }, {
        "id": "101",
        "src": "http://quran.islamway.net/quran3/3881/12360/128/101.mp3"
    }, {
        "id": "102",
        "src": "http://quran.islamway.net/quran3/3881/12360/128/102.mp3"
    }, {
        "id": "103",
        "src": "http://quran.islamway.net/quran3/3881/12360/128/103.mp3"
    }, {
        "id": "104",
        "src": "http://quran.islamway.net/quran3/3881/12360/128/104.mp3"
    }, {
        "id": "105",
        "src": "http://quran.islamway.net/quran3/3881/12360/128/105.mp3"
    }, {
        "id": "106",
        "src": "http://quran.islamway.net/quran3/3881/12360/128/106.mp3"
    }, {
        "id": "107",
        "src": "http://quran.islamway.net/quran3/3881/12360/128/107.mp3"
    }, {
        "id": "108",
        "src": "http://quran.islamway.net/quran3/3881/12360/128/108.mp3"
    }, {
        "id": "109",
        "src": "http://quran.islamway.net/quran3/3881/12360/128/109.mp3"
    }, {
        "id": "110",
        "src": "http://quran.islamway.net/quran3/3881/12360/128/110.mp3"
    }, {
        "id": "111",
        "src": "http://quran.islamway.net/quran3/3881/12360/128/111.mp3"
    }, {
        "id": "112",
        "src": "http://quran.islamway.net/quran3/3881/12360/128/112.mp3"
    }, {
        "id": "113",
        "src": "http://quran.islamway.net/quran3/3881/12360/128/113.mp3"
    }, {
        "id": "114",
        "src": "http://quran.islamway.net/quran3/3881/12360/128/114.mp3"
    }]
}
