{
    "tracks": [{
        "id": "1",
        "src": "http://server6.mp3quran.net/qtm/001.mp3"
    }, {
        "id": "2",
        "src": "http://server6.mp3quran.net/qtm/002.mp3"
    }, {
        "id": "3",
        "src": "http://server6.mp3quran.net/qtm/003.mp3"
    }, {
        "id": "4",
        "src": "http://server6.mp3quran.net/qtm/004.mp3"
    }, {
        "id": "5",
        "src": "http://server6.mp3quran.net/qtm/005.mp3"
    }, {
        "id": "6",
        "src": "http://server6.mp3quran.net/qtm/006.mp3"
    }, {
        "id": "7",
        "src": "http://server6.mp3quran.net/qtm/007.mp3"
    }, {
        "id": "8",
        "src": "http://server6.mp3quran.net/qtm/008.mp3"
    }, {
        "id": "9",
        "src": "http://server6.mp3quran.net/qtm/009.mp3"
    }, {
        "id": "10",
        "src": "http://server6.mp3quran.net/qtm/010.mp3"
    }, {
        "id": "11",
        "src": "http://server6.mp3quran.net/qtm/011.mp3"
    }, {
        "id": "12",
        "src": "http://server6.mp3quran.net/qtm/012.mp3"
    }, {
        "id": "13",
        "src": "http://server6.mp3quran.net/qtm/013.mp3"
    }, {
        "id": "14",
        "src": "http://server6.mp3quran.net/qtm/014.mp3"
    }, {
        "id": "15",
        "src": "http://server6.mp3quran.net/qtm/015.mp3"
    }, {
        "id": "16",
        "src": "http://server6.mp3quran.net/qtm/016.mp3"
    }, {
        "id": "17",
        "src": "http://server6.mp3quran.net/qtm/017.mp3"
    }, {
        "id": "18",
        "src": "http://server6.mp3quran.net/qtm/018.mp3"
    }, {
        "id": "19",
        "src": "http://server6.mp3quran.net/qtm/019.mp3"
    }, {
        "id": "20",
        "src": "http://server6.mp3quran.net/qtm/020.mp3"
    }, {
        "id": "21",
        "src": "http://server6.mp3quran.net/qtm/021.mp3"
    }, {
        "id": "22",
        "src": "http://server6.mp3quran.net/qtm/022.mp3"
    }, {
        "id": "23",
        "src": "http://server6.mp3quran.net/qtm/023.mp3"
    }, {
        "id": "24",
        "src": "http://server6.mp3quran.net/qtm/024.mp3"
    }, {
        "id": "25",
        "src": "http://server6.mp3quran.net/qtm/025.mp3"
    }, {
        "id": "26",
        "src": "http://server6.mp3quran.net/qtm/026.mp3"
    }, {
        "id": "27",
        "src": "http://server6.mp3quran.net/qtm/027.mp3"
    }, {
        "id": "28",
        "src": "http://server6.mp3quran.net/qtm/028.mp3"
    }, {
        "id": "29",
        "src": "http://server6.mp3quran.net/qtm/029.mp3"
    }, {
        "id": "30",
        "src": "http://server6.mp3quran.net/qtm/030.mp3"
    }, {
        "id": "31",
        "src": "http://server6.mp3quran.net/qtm/031.mp3"
    }, {
        "id": "32",
        "src": "http://server6.mp3quran.net/qtm/032.mp3"
    }, {
        "id": "33",
        "src": "http://server6.mp3quran.net/qtm/033.mp3"
    }, {
        "id": "34",
        "src": "http://server6.mp3quran.net/qtm/034.mp3"
    }, {
        "id": "35",
        "src": "http://server6.mp3quran.net/qtm/035.mp3"
    }, {
        "id": "36",
        "src": "http://server6.mp3quran.net/qtm/036.mp3"
    }, {
        "id": "37",
        "src": "http://server6.mp3quran.net/qtm/037.mp3"
    }, {
        "id": "38",
        "src": "http://server6.mp3quran.net/qtm/038.mp3"
    }, {
        "id": "39",
        "src": "http://server6.mp3quran.net/qtm/039.mp3"
    }, {
        "id": "40",
        "src": "http://server6.mp3quran.net/qtm/040.mp3"
    }, {
        "id": "41",
        "src": "http://server6.mp3quran.net/qtm/041.mp3"
    }, {
        "id": "42",
        "src": "http://server6.mp3quran.net/qtm/042.mp3"
    }, {
        "id": "43",
        "src": "http://server6.mp3quran.net/qtm/043.mp3"
    }, {
        "id": "44",
        "src": "http://server6.mp3quran.net/qtm/044.mp3"
    }, {
        "id": "45",
        "src": "http://server6.mp3quran.net/qtm/045.mp3"
    }, {
        "id": "46",
        "src": "http://server6.mp3quran.net/qtm/046.mp3"
    }, {
        "id": "47",
        "src": "http://server6.mp3quran.net/qtm/047.mp3"
    }, {
        "id": "48",
        "src": "http://server6.mp3quran.net/qtm/048.mp3"
    }, {
        "id": "49",
        "src": "http://server6.mp3quran.net/qtm/049.mp3"
    }, {
        "id": "50",
        "src": "http://server6.mp3quran.net/qtm/050.mp3"
    }, {
        "id": "51",
        "src": "http://server6.mp3quran.net/qtm/051.mp3"
    }, {
        "id": "52",
        "src": "http://server6.mp3quran.net/qtm/052.mp3"
    }, {
        "id": "53",
        "src": "http://server6.mp3quran.net/qtm/053.mp3"
    }, {
        "id": "54",
        "src": "http://server6.mp3quran.net/qtm/054.mp3"
    }, {
        "id": "55",
        "src": "http://server6.mp3quran.net/qtm/055.mp3"
    }, {
        "id": "56",
        "src": "http://server6.mp3quran.net/qtm/056.mp3"
    }, {
        "id": "57",
        "src": "http://server6.mp3quran.net/qtm/057.mp3"
    }, {
        "id": "58",
        "src": "http://server6.mp3quran.net/qtm/058.mp3"
    }, {
        "id": "59",
        "src": "http://server6.mp3quran.net/qtm/059.mp3"
    }, {
        "id": "60",
        "src": "http://server6.mp3quran.net/qtm/060.mp3"
    }, {
        "id": "61",
        "src": "http://server6.mp3quran.net/qtm/061.mp3"
    }, {
        "id": "62",
        "src": "http://server6.mp3quran.net/qtm/062.mp3"
    }, {
        "id": "63",
        "src": "http://server6.mp3quran.net/qtm/063.mp3"
    }, {
        "id": "64",
        "src": "http://server6.mp3quran.net/qtm/064.mp3"
    }, {
        "id": "65",
        "src": "http://server6.mp3quran.net/qtm/065.mp3"
    }, {
        "id": "66",
        "src": "http://server6.mp3quran.net/qtm/066.mp3"
    }, {
        "id": "67",
        "src": "http://server6.mp3quran.net/qtm/067.mp3"
    }, {
        "id": "68",
        "src": "http://server6.mp3quran.net/qtm/068.mp3"
    }, {
        "id": "69",
        "src": "http://server6.mp3quran.net/qtm/069.mp3"
    }, {
        "id": "70",
        "src": "http://server6.mp3quran.net/qtm/070.mp3"
    }, {
        "id": "71",
        "src": "http://server6.mp3quran.net/qtm/071.mp3"
    }, {
        "id": "72",
        "src": "http://server6.mp3quran.net/qtm/072.mp3"
    }, {
        "id": "73",
        "src": "http://server6.mp3quran.net/qtm/073.mp3"
    }, {
        "id": "74",
        "src": "http://server6.mp3quran.net/qtm/074.mp3"
    }, {
        "id": "75",
        "src": "http://server6.mp3quran.net/qtm/075.mp3"
    }, {
        "id": "76",
        "src": "http://server6.mp3quran.net/qtm/076.mp3"
    }, {
        "id": "77",
        "src": "http://server6.mp3quran.net/qtm/077.mp3"
    }, {
        "id": "78",
        "src": "http://server6.mp3quran.net/qtm/078.mp3"
    }, {
        "id": "79",
        "src": "http://server6.mp3quran.net/qtm/079.mp3"
    }, {
        "id": "80",
        "src": "http://server6.mp3quran.net/qtm/080.mp3"
    }, {
        "id": "81",
        "src": "http://server6.mp3quran.net/qtm/081.mp3"
    }, {
        "id": "82",
        "src": "http://server6.mp3quran.net/qtm/082.mp3"
    }, {
        "id": "83",
        "src": "http://server6.mp3quran.net/qtm/083.mp3"
    }, {
        "id": "84",
        "src": "http://server6.mp3quran.net/qtm/084.mp3"
    }, {
        "id": "85",
        "src": "http://server6.mp3quran.net/qtm/085.mp3"
    }, {
        "id": "86",
        "src": "http://server6.mp3quran.net/qtm/086.mp3"
    }, {
        "id": "87",
        "src": "http://server6.mp3quran.net/qtm/087.mp3"
    }, {
        "id": "88",
        "src": "http://server6.mp3quran.net/qtm/088.mp3"
    }, {
        "id": "89",
        "src": "http://server6.mp3quran.net/qtm/089.mp3"
    }, {
        "id": "90",
        "src": "http://server6.mp3quran.net/qtm/090.mp3"
    }, {
        "id": "91",
        "src": "http://server6.mp3quran.net/qtm/091.mp3"
    }, {
        "id": "92",
        "src": "http://server6.mp3quran.net/qtm/092.mp3"
    }, {
        "id": "93",
        "src": "http://server6.mp3quran.net/qtm/093.mp3"
    }, {
        "id": "94",
        "src": "http://server6.mp3quran.net/qtm/094.mp3"
    }, {
        "id": "95",
        "src": "http://server6.mp3quran.net/qtm/095.mp3"
    }, {
        "id": "96",
        "src": "http://server6.mp3quran.net/qtm/096.mp3"
    }, {
        "id": "97",
        "src": "http://server6.mp3quran.net/qtm/097.mp3"
    }, {
        "id": "98",
        "src": "http://server6.mp3quran.net/qtm/098.mp3"
    }, {
        "id": "99",
        "src": "http://server6.mp3quran.net/qtm/099.mp3"
    }, {
        "id": "100",
        "src": "http://server6.mp3quran.net/qtm/100.mp3"
    }, {
        "id": "101",
        "src": "http://server6.mp3quran.net/qtm/101.mp3"
    }, {
        "id": "102",
        "src": "http://server6.mp3quran.net/qtm/102.mp3"
    }, {
        "id": "103",
        "src": "http://server6.mp3quran.net/qtm/103.mp3"
    }, {
        "id": "104",
        "src": "http://server6.mp3quran.net/qtm/104.mp3"
    }, {
        "id": "105",
        "src": "http://server6.mp3quran.net/qtm/105.mp3"
    }, {
        "id": "106",
        "src": "http://server6.mp3quran.net/qtm/106.mp3"
    }, {
        "id": "107",
        "src": "http://server6.mp3quran.net/qtm/107.mp3"
    }, {
        "id": "108",
        "src": "http://server6.mp3quran.net/qtm/108.mp3"
    }, {
        "id": "109",
        "src": "http://server6.mp3quran.net/qtm/109.mp3"
    }, {
        "id": "110",
        "src": "http://server6.mp3quran.net/qtm/110.mp3"
    }, {
        "id": "111",
        "src": "http://server6.mp3quran.net/qtm/111.mp3"
    }, {
        "id": "112",
        "src": "http://server6.mp3quran.net/qtm/112.mp3"
    }, {
        "id": "113",
        "src": "http://server6.mp3quran.net/qtm/113.mp3"
    }, {
        "id": "114",
        "src": "http://server6.mp3quran.net/qtm/114.mp3"
    }]
}
