{
    "tracks": [{
        "id": "15",
        "src": "https://s3.eu-central-1.amazonaws.com/zikrapp/stream/slman/015.mp3"
    }, {
        "id": "30",
        "src": "https://s3.eu-central-1.amazonaws.com/zikrapp/stream/slman/030.mp3"
    }, {
        "id": "50",
        "src": "https://s3.eu-central-1.amazonaws.com/zikrapp/stream/slman/050.mp3"
    }, {
        "id": "69",
        "src": "https://s3.eu-central-1.amazonaws.com/zikrapp/stream/slman/069.mp3"
    }, {
        "id": "70",
        "src": "https://s3.eu-central-1.amazonaws.com/zikrapp/stream/slman/070.mp3"
    }, {
        "id": "75",
        "src": "https://s3.eu-central-1.amazonaws.com/zikrapp/stream/slman/075.mp3"
    }, {
        "id": "76",
        "src": "https://s3.eu-central-1.amazonaws.com/zikrapp/stream/slman/076.mp3"
    }, {
        "id": "78",
        "src": "https://s3.eu-central-1.amazonaws.com/zikrapp/stream/slman/078.mp3"
    }, {
        "id": "79",
        "src": "https://s3.eu-central-1.amazonaws.com/zikrapp/stream/slman/079.mp3"
    }, {
        "id": "80",
        "src": "https://s3.eu-central-1.amazonaws.com/zikrapp/stream/slman/080.mp3"
    }, {
        "id": "82",
        "src": "https://s3.eu-central-1.amazonaws.com/zikrapp/stream/slman/082.mp3"
    }, {
        "id": "83",
        "src": "https://s3.eu-central-1.amazonaws.com/zikrapp/stream/slman/083.mp3"
    }, {
        "id": "84",
        "src": "https://s3.eu-central-1.amazonaws.com/zikrapp/stream/slman/084.mp3"
    }, {
        "id": "85",
        "src": "https://s3.eu-central-1.amazonaws.com/zikrapp/stream/slman/085.mp3"
    }, {
        "id": "86",
        "src": "https://s3.eu-central-1.amazonaws.com/zikrapp/stream/slman/086.mp3"
    }, {
        "id": "87",
        "src": "https://s3.eu-central-1.amazonaws.com/zikrapp/stream/slman/087.mp3"
    }, {
        "id": "88",
        "src": "https://s3.eu-central-1.amazonaws.com/zikrapp/stream/slman/088.mp3"
    }, {
        "id": "89",
        "src": "https://s3.eu-central-1.amazonaws.com/zikrapp/stream/slman/089.mp3"
    }, {
        "id": "90",
        "src": "https://s3.eu-central-1.amazonaws.com/zikrapp/stream/slman/090.mp3"
    }, {
        "id": "91",
        "src": "https://s3.eu-central-1.amazonaws.com/zikrapp/stream/slman/091.mp3"
    }, {
        "id": "92",
        "src": "https://s3.eu-central-1.amazonaws.com/zikrapp/stream/slman/092.mp3"
    }, {
        "id": "93",
        "src": "https://s3.eu-central-1.amazonaws.com/zikrapp/stream/slman/093.mp3"
    }, {
        "id": "94",
        "src": "https://s3.eu-central-1.amazonaws.com/zikrapp/stream/slman/094.mp3"
    }, {
        "id": "95",
        "src": "https://s3.eu-central-1.amazonaws.com/zikrapp/stream/slman/095.mp3"
    }, {
        "id": "96",
        "src": "https://s3.eu-central-1.amazonaws.com/zikrapp/stream/slman/096.mp3"
    }, {
        "id": "97",
        "src": "https://s3.eu-central-1.amazonaws.com/zikrapp/stream/slman/097.mp3"
    }, {
        "id": "98",
        "src": "https://s3.eu-central-1.amazonaws.com/zikrapp/stream/slman/098.mp3"
    }, {
        "id": "99",
        "src": "https://s3.eu-central-1.amazonaws.com/zikrapp/stream/slman/099.mp3"
    }, {
        "id": "100",
        "src": "https://s3.eu-central-1.amazonaws.com/zikrapp/stream/slman/100.mp3"
    }, {
        "id": "101",
        "src": "https://s3.eu-central-1.amazonaws.com/zikrapp/stream/slman/101.mp3"
    }, {
        "id": "102",
        "src": "https://s3.eu-central-1.amazonaws.com/zikrapp/stream/slman/102.mp3"
    }, {
        "id": "103",
        "src": "https://s3.eu-central-1.amazonaws.com/zikrapp/stream/slman/103.mp3"
    }, {
        "id": "104",
        "src": "https://s3.eu-central-1.amazonaws.com/zikrapp/stream/slman/104.mp3"
    }, {
        "id": "105",
        "src": "https://s3.eu-central-1.amazonaws.com/zikrapp/stream/slman/105.mp3"
    }, {
        "id": "106",
        "src": "https://s3.eu-central-1.amazonaws.com/zikrapp/stream/slman/106.mp3"
    }, {
        "id": "107",
        "src": "https://s3.eu-central-1.amazonaws.com/zikrapp/stream/slman/107.mp3"
    }, {
        "id": "108",
        "src": "https://s3.eu-central-1.amazonaws.com/zikrapp/stream/slman/108.mp3"
    }, {
        "id": "109",
        "src": "https://s3.eu-central-1.amazonaws.com/zikrapp/stream/slman/109.mp3"
    }, {
        "id": "110",
        "src": "https://s3.eu-central-1.amazonaws.com/zikrapp/stream/slman/110.mp3"
    }, {
        "id": "111",
        "src": "https://s3.eu-central-1.amazonaws.com/zikrapp/stream/slman/111.mp3"
    }, {
        "id": "112",
        "src": "https://s3.eu-central-1.amazonaws.com/zikrapp/stream/slman/112.mp3"
    }, {
        "id": "113",
        "src": "https://s3.eu-central-1.amazonaws.com/zikrapp/stream/slman/113.mp3"
    }, {
        "id": "114",
        "src": "https://s3.eu-central-1.amazonaws.com/zikrapp/stream/slman/114.mp3"
    }]
}
