{
    "tracks": [{
        "id": "1",
        "src": "http://quran.islamway.net/quran3/2421/9117/128/001.mp3"
    }, {
        "id": "36",
        "src": "http://quran.islamway.net/quran3/2421/9117/128/036.mp3"
    }, {
        "id": "37",
        "src": "http://quran.islamway.net/quran3/2421/9117/128/037.mp3"
    }, {
        "id": "44",
        "src": "http://quran.islamway.net/quran3/2421/9117/128/044.mp3"
    }, {
        "id": "49",
        "src": "http://quran.islamway.net/quran3/2421/9117/143/049%20%E2%80%AB%E2%80%AC.mp3"
    }, {
        "id": "50",
        "src": "http://quran.islamway.net/quran3/2421/9117/147/050%20%E2%80%AB%E2%80%AC.mp3"
    }, {
        "id": "51",
        "src": "http://quran.islamway.net/quran3/2421/9117/128/051.mp3"
    }, {
        "id": "52",
        "src": "http://quran.islamway.net/quran3/2421/9117/128/052.mp3"
    }, {
        "id": "53",
        "src": "http://quran.islamway.net/quran3/2421/9117/128/053.mp3"
    }, {
        "id": "54",
        "src": "http://quran.islamway.net/quran3/2421/9117/128/054.mp3"
    }, {
        "id": "55",
        "src": "http://quran.islamway.net/quran3/2421/9117/128/055.mp3"
    }, {
        "id": "56",
        "src": "http://quran.islamway.net/quran3/2421/9117/128/056.mp3"
    }, {
        "id": "58",
        "src": "http://quran.islamway.net/quran3/2421/9117/128/058.mp3"
    }, {
        "id": "59",
        "src": "http://quran.islamway.net/quran3/2421/9117/128/059.mp3"
    }, {
        "id": "60",
        "src": "http://quran.islamway.net/quran3/2421/9117/128/060.mp3"
    }, {
        "id": "61",
        "src": "http://quran.islamway.net/quran3/2421/9117/128/061.mp3"
    }, {
        "id": "62",
        "src": "http://quran.islamway.net/quran3/2421/9117/128/062.mp3"
    }, {
        "id": "63",
        "src": "http://quran.islamway.net/quran3/2421/9117/128/063.mp3"
    }, {
        "id": "64",
        "src": "http://quran.islamway.net/quran3/2421/9117/128/064.mp3"
    }, {
        "id": "69",
        "src": "http://quran.islamway.net/quran3/2421/9117/128/069.mp3"
    }, {
        "id": "70",
        "src": "http://quran.islamway.net/quran3/2421/9117/128/070.mp3"
    }, {
        "id": "75",
        "src": "http://quran.islamway.net/quran3/2421/9117/128/075.mp3"
    }, {
        "id": "79",
        "src": "http://quran.islamway.net/quran3/2421/9117/128/079.mp3"
    }, {
        "id": "87",
        "src": "http://quran.islamway.net/quran3/2421/9117/128/087.mp3"
    }, {
        "id": "97",
        "src": "http://quran.islamway.net/quran3/2421/9117/128/097.mp3"
    }, {
        "id": "108",
        "src": "http://quran.islamway.net/quran3/2421/9117/128/108.mp3"
    }, {
        "id": "109",
        "src": "http://quran.islamway.net/quran3/2421/9117/128/109.mp3"
    }, {
        "id": "112",
        "src": "http://quran.islamway.net/quran3/2421/9117/128/112.mp3"
    }]
}
